

> @timui/docs@0.0.1 build /Users/jiawei01.mao/sine/timkit-ui/apps/docs
> pnpm registry:build:all && pnpm registry:manifest && pnpm previews:manifest && pnpm format:write && pnpm verify:data && next build


> @timui/docs@0.0.1 registry:build:all /Users/jiawei01.mao/sine/timkit-ui/apps/docs
> node --import tsx ../../scripts/build-registry-all.ts

Building registry-all.json & catalog-all.json (Robust Mode)...
Read Skeleton: 0.787ms
Read Base Registry: 6.755ms
Process Base Items: 2.051s
Scan Blocks: 47.366ms
Prepare Synthetic Items: 0.6ms
[Transform] Fixing hooks import in accordion (registry/default/vue/accordion/use-accordion-context.ts)
[Transform] Fixing hooks import in dialog (registry/default/vue/dialog/use-dialog-context.ts)
[Transform] Fixing hooks import in dropdown-menu (registry/default/vue/dropdown-menu/use-dropdown-menu-context.ts)
[Transform] Fixing hooks import in hover-card (registry/default/vue/hover-card/use-hover-card-context.ts)
[Transform] Fixing hooks import in popover (registry/default/vue/popover/use-popover-context.ts)
[Transform] Fixing hooks import in toast (registry/default/ui/toaster.tsx)
[Transform] Fixing hooks import in tooltip (registry/default/vue/tooltip/use-tooltip-context.ts)
Transform Imports: 3.274ms
Generated registry-index.json (1975.8 KB)
Generated 652 individual registry item files in /registry/
Generated registry-all.json (652 items)
Generated catalog-all.json (updated counts)
Total Build Time: 4.338s

> @timui/docs@0.0.1 registry:manifest /Users/jiawei01.mao/sine/timkit-ui/apps/docs
> node ../../scripts/generate-docs-registry-manifest.cjs

registry manifest written: 665 entries -> /Users/jiawei01.mao/sine/timkit-ui/apps/docs/registry/registry-manifest.ts

> @timui/docs@0.0.1 previews:manifest /Users/jiawei01.mao/sine/timkit-ui/apps/docs
> node ../../scripts/generate-docs-previews-manifest.cjs

preview manifest written: 196 entries -> /Users/jiawei01.mao/sine/timkit-ui/apps/docs/previews/preview-manifest.ts

> @timui/docs@0.0.1 format:write /Users/jiawei01.mao/sine/timkit-ui/apps/docs
> prettier --write "**/*.{ts,tsx,mdx}" --cache

app/(site)/[category]/page.tsx[2K[1G[90mapp/(site)/[category]/page.tsx[39m 2ms (unchanged) (cached)
app/(site)/components/[slug]/page.tsx[2K[1G[90mapp/(site)/components/[slug]/page.tsx[39m 1ms (unchanged) (cached)
app/(site)/components/layout.tsx[2K[1G[90mapp/(site)/components/layout.tsx[39m 1ms (unchanged) (cached)
app/(site)/components/page.tsx[2K[1G[90mapp/(site)/components/page.tsx[39m 1ms (unchanged) (cached)
app/(site)/debug/page.tsx[2K[1G[90mapp/(site)/debug/page.tsx[39m 1ms (unchanged) (cached)
app/(site)/easings/copy-class.tsx[2K[1G[90mapp/(site)/easings/copy-class.tsx[39m 2ms (unchanged) (cached)
app/(site)/easings/easings.tsx[2K[1G[90mapp/(site)/easings/easings.tsx[39m 1ms (unchanged) (cached)
app/(site)/easings/page.tsx[2K[1G[90mapp/(site)/easings/page.tsx[39m 1ms (unchanged) (cached)
app/(site)/layout.tsx[2K[1G[90mapp/(site)/layout.tsx[39m 1ms (unchanged) (cached)
app/(site)/layouts/card.tsx[2K[1G[90mapp/(site)/layouts/card.tsx[39m 1ms (unchanged) (cached)
app/(site)/layouts/page.tsx[2K[1G[90mapp/(site)/layouts/page.tsx[39m 1ms (unchanged) (cached)
app/(site)/not-found.tsx[2K[1G[90mapp/(site)/not-found.tsx[39m 2ms (unchanged) (cached)
app/(site)/page.tsx[2K[1G[90mapp/(site)/page.tsx[39m 1ms (unchanged) (cached)
app/(site)/search/components-container.tsx[2K[1G[90mapp/(site)/search/components-container.tsx[39m 1ms (unchanged) (cached)
app/(site)/search/multiselect.tsx[2K[1G[90mapp/(site)/search/multiselect.tsx[39m 1ms (unchanged) (cached)
app/(site)/search/page.tsx[2K[1G[90mapp/(site)/search/page.tsx[39m 1ms (unchanged) (cached)
app/(site)/search/search-field.tsx[2K[1G[90mapp/(site)/search/search-field.tsx[39m 1ms (unchanged) (cached)
app/(site)/test-button/page.tsx[2K[1G[90mapp/(site)/test-button/page.tsx[39m 1ms (unchanged) (cached)
app/layout.tsx[2K[1G[90mapp/layout.tsx[39m 1ms (unchanged) (cached)
app/preview/react/page.tsx[2K[1G[90mapp/preview/react/page.tsx[39m 2ms (unchanged) (cached)
app/sitemap.ts[2K[1G[90mapp/sitemap.ts[39m 0ms (unchanged) (cached)
components-names.ts[2K[1G[90mcomponents-names.ts[39m 1ms (unchanged) (cached)
components/api-table.tsx[2K[1G[90mcomponents/api-table.tsx[39m 1ms (unchanged) (cached)
components/cli-commands.tsx[2K[1G[90mcomponents/cli-commands.tsx[39m 2ms (unchanged) (cached)
components/code-block.tsx[2K[1G[90mcomponents/code-block.tsx[39m 1ms (unchanged) (cached)
components/component-api-reference.tsx[2K[1G[90mcomponents/component-api-reference.tsx[39m 1ms (unchanged) (cached)
components/component-card.tsx[2K[1G[90mcomponents/component-card.tsx[39m 1ms (unchanged) (cached)
components/component-details.tsx[2K[1G[90mcomponents/component-details.tsx[39m 1ms (unchanged) (cached)
components/component-example.tsx[2K[1G[90mcomponents/component-example.tsx[39m 0ms (unchanged) (cached)
components/component-loader-client.tsx[2K[1G[90mcomponents/component-loader-client.tsx[39m 1ms (unchanged) (cached)
components/component-loader-server.tsx[2K[1G[90mcomponents/component-loader-server.tsx[39m 1ms (unchanged) (cached)
components/component-page-header.tsx[2K[1G[90mcomponents/component-page-header.tsx[39m 1ms (unchanged) (cached)
components/component-preview-lazy.tsx[2K[1G[90mcomponents/component-preview-lazy.tsx[39m 1ms (unchanged) (cached)
components/component-preview.tsx[2K[1G[90mcomponents/component-preview.tsx[39m 1ms (unchanged) (cached)
components/copy-button.tsx[2K[1G[90mcomponents/copy-button.tsx[39m 1ms (unchanged) (cached)
components/copy-layout.tsx[2K[1G[90mcomponents/copy-layout.tsx[39m 1ms (unchanged) (cached)
components/cta.tsx[2K[1G[90mcomponents/cta.tsx[39m 2ms (unchanged) (cached)
components/footer.tsx[2K[1G[90mcomponents/footer.tsx[39m 1ms (unchanged) (cached)
components/frameworks-tabs/index.tsx[2K[1G[90mcomponents/frameworks-tabs/index.tsx[39m 1ms (unchanged) (cached)
components/group-grid.tsx[2K[1G[90mcomponents/group-grid.tsx[39m 1ms (unchanged) (cached)
components/header-link.tsx[2K[1G[90mcomponents/header-link.tsx[39m 1ms (unchanged) (cached)
components/header.tsx[2K[1G[90mcomponents/header.tsx[39m 1ms (unchanged) (cached)
components/html-preview.tsx[2K[1G[90mcomponents/html-preview.tsx[39m 1ms (unchanged) (cached)
components/icons/IconAlpinejs.tsx[2K[1G[90mcomponents/icons/IconAlpinejs.tsx[39m 1ms (unchanged) (cached)
components/icons/IconArrowsexpandLeft.tsx[2K[1G[90mcomponents/icons/IconArrowsexpandLeft.tsx[39m 1ms (unchanged) (cached)
components/icons/IconBxCustomize.tsx[2K[1G[90mcomponents/icons/IconBxCustomize.tsx[39m 1ms (unchanged) (cached)
components/icons/IconGithub.tsx[2K[1G[90mcomponents/icons/IconGithub.tsx[39m 1ms (unchanged) (cached)
components/icons/IconHTML.tsx[2K[1G[90mcomponents/icons/IconHTML.tsx[39m 1ms (unchanged) (cached)
components/icons/IconLoading.tsx[2K[1G[90mcomponents/icons/IconLoading.tsx[39m 1ms (unchanged) (cached)
components/icons/IconPennibLine.tsx[2K[1G[90mcomponents/icons/IconPennibLine.tsx[39m 1ms (unchanged) (cached)
components/icons/IconReact.tsx[2K[1G[90mcomponents/icons/IconReact.tsx[39m 0ms (unchanged) (cached)
components/icons/IconVue.tsx[2K[1G[90mcomponents/icons/IconVue.tsx[39m 1ms (unchanged) (cached)
components/icons/IconWeapp.tsx[2K[1G[90mcomponents/icons/IconWeapp.tsx[39m 2ms (unchanged) (cached)
components/icons/IconZag.tsx[2K[1G[90mcomponents/icons/IconZag.tsx[39m 1ms (unchanged) (cached)
components/icons/index.ts[2K[1G[90mcomponents/icons/index.ts[39m 1ms (unchanged) (cached)
components/layout-wrapper.tsx[2K[1G[90mcomponents/layout-wrapper.tsx[39m 1ms (unchanged) (cached)
components/lazy-motion-wrapper.tsx[2K[1G[90mcomponents/lazy-motion-wrapper.tsx[39m 1ms (unchanged) (cached)
components/mdx-remote-client/index.tsx[2K[1G[90mcomponents/mdx-remote-client/index.tsx[39m 1ms (unchanged) (cached)
components/open-in-v0.tsx[2K[1G[90mcomponents/open-in-v0.tsx[39m 1ms (unchanged) (cached)
components/page-grid.tsx[2K[1G[90mcomponents/page-grid.tsx[39m 1ms (unchanged) (cached)
components/page-header.tsx[2K[1G[90mcomponents/page-header.tsx[39m 1ms (unchanged) (cached)
components/preview-switch/index.tsx[2K[1G[90mcomponents/preview-switch/index.tsx[39m 1ms (unchanged) (cached)
components/preview/index.tsx[2K[1G[90mcomponents/preview/index.tsx[39m 1ms (unchanged) (cached)
components/preview/preview-app.tsx[2K[1G[90mcomponents/preview/preview-app.tsx[39m 1ms (unchanged) (cached)
components/react-preview.tsx[2K[1G[90mcomponents/react-preview.tsx[39m 1ms (unchanged) (cached)
components/runtime-preview.tsx[2K[1G[90mcomponents/runtime-preview.tsx[39m 1ms (unchanged) (cached)
components/search-button.tsx[2K[1G[90mcomponents/search-button.tsx[39m 1ms (unchanged) (cached)
components/section-example-client.tsx[2K[1G[90mcomponents/section-example-client.tsx[39m 1ms (unchanged) (cached)
components/sections/section-code-dialog.tsx[2K[1G[90mcomponents/sections/section-code-dialog.tsx[39m 2ms (unchanged) (cached)
components/sidebar/index.tsx[2K[1G[90mcomponents/sidebar/index.tsx[39m 1ms (unchanged) (cached)
components/sidebar/NavLink.tsx[2K[1G[90mcomponents/sidebar/NavLink.tsx[39m 1ms (unchanged) (cached)
components/subscribe-action.ts[2K[1G[90mcomponents/subscribe-action.ts[39m 1ms (unchanged) (cached)
components/subscribe-form.tsx[2K[1G[90mcomponents/subscribe-form.tsx[39m 2ms (unchanged) (cached)
components/supported-frameworks/index.tsx[2K[1G[90mcomponents/supported-frameworks/index.tsx[39m 1ms (unchanged) (cached)
components/supported-frameworks/preview-card.tsx[2K[1G[90mcomponents/supported-frameworks/preview-card.tsx[39m 1ms (unchanged) (cached)
components/supported-libraries/index.tsx[2K[1G[90mcomponents/supported-libraries/index.tsx[39m 1ms (unchanged) (cached)
components/syntax-heighlight.tsx[2K[1G[90mcomponents/syntax-heighlight.tsx[39m 1ms (unchanged) (cached)
components/syntax-heighlight/index.tsx[2K[1G[90mcomponents/syntax-heighlight/index.tsx[39m 2ms (unchanged) (cached)
components/tabs-trigger.tsx[2K[1G[90mcomponents/tabs-trigger.tsx[39m 1ms (unchanged) (cached)
components/theme-provider.tsx[2K[1G[90mcomponents/theme-provider.tsx[39m 1ms (unchanged) (cached)
components/theme-toggle.tsx[2K[1G[90mcomponents/theme-toggle.tsx[39m 1ms (unchanged) (cached)
components/toc.tsx[2K[1G[90mcomponents/toc.tsx[39m 1ms (unchanged) (cached)
components/viewport/components/Viewport.tsx[2K[1G[90mcomponents/viewport/components/Viewport.tsx[39m 1ms (unchanged) (cached)
components/viewport/index.tsx[2K[1G[90mcomponents/viewport/index.tsx[39m 1ms (unchanged) (cached)
components/viewport/template/index.ts[2K[1G[90mcomponents/viewport/template/index.ts[39m 1ms (unchanged) (cached)
components/vue-preview.tsx[2K[1G[90mcomponents/vue-preview.tsx[39m 1ms (unchanged) (cached)
hooks/framework-context.tsx[2K[1G[90mhooks/framework-context.tsx[39m 1ms (unchanged) (cached)
hooks/use-config.ts[2K[1G[90mhooks/use-config.ts[39m 1ms (unchanged) (cached)
hooks/use-copy.ts[2K[1G[90mhooks/use-copy.ts[39m 1ms (unchanged) (cached)
hooks/use-mobile.tsx[2K[1G[90mhooks/use-mobile.tsx[39m 1ms (unchanged) (cached)
lib/catalog.ts[2K[1G[90mlib/catalog.ts[39m 1ms (unchanged) (cached)
lib/component-api.ts[2K[1G[90mlib/component-api.ts[39m 2ms (unchanged) (cached)
lib/demo-canonical.ts[2K[1G[90mlib/demo-canonical.ts[39m 1ms (unchanged) (cached)
lib/demo-title.ts[2K[1G[90mlib/demo-title.ts[39m 0ms (unchanged) (cached)
lib/framework-preview-server.ts[2K[1G[90mlib/framework-preview-server.ts[39m 1ms (unchanged) (cached)
lib/framework-preview.ts[2K[1G[90mlib/framework-preview.ts[39m 1ms (unchanged) (cached)
lib/framework-utils.tsx[2K[1G[90mlib/framework-utils.tsx[39m 1ms (unchanged) (cached)
lib/markdoc.ts[2K[1G[90mlib/markdoc.ts[39m 1ms (unchanged) (cached)
lib/registry-adapter.ts[2K[1G[90mlib/registry-adapter.ts[39m 1ms (unchanged) (cached)
lib/registry-aliases.ts[2K[1G[90mlib/registry-aliases.ts[39m 0ms (unchanged) (cached)
lib/registry-client.ts[2K[1G[90mlib/registry-client.ts[39m 0ms (unchanged) (cached)
lib/registry-data.ts[2K[1G[90mlib/registry-data.ts[39m 1ms (unchanged) (cached)
lib/registry-index.ts[2K[1G[90mlib/registry-index.ts[39m 0ms (unchanged) (cached)
lib/sections.ts[2K[1G[90mlib/sections.ts[39m 1ms (unchanged) (cached)
lib/unified-components.ts[2K[1G[90mlib/unified-components.ts[39m 1ms (unchanged) (cached)
lib/utils.ts[2K[1G[90mlib/utils.ts[39m 1ms (unchanged) (cached)
next-env.d.ts[2K[1G[90mnext-env.d.ts[39m 0ms (unchanged) (cached)
next.config.ts[2K[1G[90mnext.config.ts[39m 1ms (unchanged) (cached)
previews/preview-manifest.ts[2K[1Gpreviews/preview-manifest.ts 89ms
registry/default/components/accordion/accordion-01.tsx[2K[1G[90mregistry/default/components/accordion/accordion-01.tsx[39m 1ms (unchanged) (cached)
registry/default/components/accordion/accordion-02.tsx[2K[1G[90mregistry/default/components/accordion/accordion-02.tsx[39m 1ms (unchanged) (cached)
registry/default/components/accordion/accordion-03.tsx[2K[1G[90mregistry/default/components/accordion/accordion-03.tsx[39m 1ms (unchanged) (cached)
registry/default/components/accordion/accordion-04.tsx[2K[1G[90mregistry/default/components/accordion/accordion-04.tsx[39m 1ms (unchanged) (cached)
registry/default/components/accordion/accordion-05.tsx[2K[1G[90mregistry/default/components/accordion/accordion-05.tsx[39m 2ms (unchanged) (cached)
registry/default/components/accordion/accordion-06.tsx[2K[1G[90mregistry/default/components/accordion/accordion-06.tsx[39m 2ms (unchanged) (cached)
registry/default/components/accordion/accordion-07.tsx[2K[1G[90mregistry/default/components/accordion/accordion-07.tsx[39m 1ms (unchanged) (cached)
registry/default/components/accordion/accordion-08.tsx[2K[1G[90mregistry/default/components/accordion/accordion-08.tsx[39m 1ms (unchanged) (cached)
registry/default/components/accordion/accordion-09.tsx[2K[1G[90mregistry/default/components/accordion/accordion-09.tsx[39m 1ms (unchanged) (cached)
registry/default/components/accordion/accordion-10.tsx[2K[1G[90mregistry/default/components/accordion/accordion-10.tsx[39m 1ms (unchanged) (cached)
registry/default/components/accordion/accordion-11.tsx[2K[1G[90mregistry/default/components/accordion/accordion-11.tsx[39m 3ms (unchanged) (cached)
registry/default/components/accordion/accordion-12.tsx[2K[1G[90mregistry/default/components/accordion/accordion-12.tsx[39m 1ms (unchanged) (cached)
registry/default/components/accordion/accordion-13.tsx[2K[1G[90mregistry/default/components/accordion/accordion-13.tsx[39m 1ms (unchanged) (cached)
registry/default/components/accordion/accordion-14.tsx[2K[1G[90mregistry/default/components/accordion/accordion-14.tsx[39m 1ms (unchanged) (cached)
registry/default/components/accordion/accordion-15.tsx[2K[1G[90mregistry/default/components/accordion/accordion-15.tsx[39m 1ms (unchanged) (cached)
registry/default/components/accordion/accordion-16.tsx[2K[1G[90mregistry/default/components/accordion/accordion-16.tsx[39m 19ms (unchanged) (cached)
registry/default/components/accordion/accordion-17.tsx[2K[1G[90mregistry/default/components/accordion/accordion-17.tsx[39m 1ms (unchanged) (cached)
registry/default/components/accordion/accordion-18.tsx[2K[1G[90mregistry/default/components/accordion/accordion-18.tsx[39m 2ms (unchanged) (cached)
registry/default/components/accordion/accordion-19.tsx[2K[1G[90mregistry/default/components/accordion/accordion-19.tsx[39m 1ms (unchanged) (cached)
registry/default/components/accordion/accordion-20.tsx[2K[1G[90mregistry/default/components/accordion/accordion-20.tsx[39m 4ms (unchanged) (cached)
registry/default/components/alert-dialog/alert-dialog-01.tsx[2K[1G[90mregistry/default/components/alert-dialog/alert-dialog-01.tsx[39m 2ms (unchanged) (cached)
registry/default/components/alert/alert-01.tsx[2K[1G[90mregistry/default/components/alert/alert-01.tsx[39m 3ms (unchanged) (cached)
registry/default/components/alert/alert-02.tsx[2K[1G[90mregistry/default/components/alert/alert-02.tsx[39m 1ms (unchanged) (cached)
registry/default/components/alert/alert-03.tsx[2K[1G[90mregistry/default/components/alert/alert-03.tsx[39m 1ms (unchanged) (cached)
registry/default/components/alert/alert-04.tsx[2K[1G[90mregistry/default/components/alert/alert-04.tsx[39m 1ms (unchanged) (cached)
registry/default/components/alert/alert-05.tsx[2K[1G[90mregistry/default/components/alert/alert-05.tsx[39m 1ms (unchanged) (cached)
registry/default/components/alert/alert-06.tsx[2K[1G[90mregistry/default/components/alert/alert-06.tsx[39m 3ms (unchanged) (cached)
registry/default/components/alert/alert-07.tsx[2K[1G[90mregistry/default/components/alert/alert-07.tsx[39m 2ms (unchanged) (cached)
registry/default/components/alert/alert-08.tsx[2K[1G[90mregistry/default/components/alert/alert-08.tsx[39m 1ms (unchanged) (cached)
registry/default/components/alert/alert-09.tsx[2K[1G[90mregistry/default/components/alert/alert-09.tsx[39m 1ms (unchanged) (cached)
registry/default/components/alert/alert-10.tsx[2K[1G[90mregistry/default/components/alert/alert-10.tsx[39m 1ms (unchanged) (cached)
registry/default/components/alert/alert-11.tsx[2K[1G[90mregistry/default/components/alert/alert-11.tsx[39m 1ms (unchanged) (cached)
registry/default/components/alert/alert-12.tsx[2K[1G[90mregistry/default/components/alert/alert-12.tsx[39m 1ms (unchanged) (cached)
registry/default/components/avatar/avatar-01.tsx[2K[1G[90mregistry/default/components/avatar/avatar-01.tsx[39m 2ms (unchanged) (cached)
registry/default/components/avatar/avatar-02.tsx[2K[1G[90mregistry/default/components/avatar/avatar-02.tsx[39m 26ms (unchanged) (cached)
registry/default/components/avatar/avatar-03.tsx[2K[1G[90mregistry/default/components/avatar/avatar-03.tsx[39m 3ms (unchanged) (cached)
registry/default/components/avatar/avatar-04.tsx[2K[1G[90mregistry/default/components/avatar/avatar-04.tsx[39m 6ms (unchanged) (cached)
registry/default/components/avatar/avatar-05.tsx[2K[1G[90mregistry/default/components/avatar/avatar-05.tsx[39m 1ms (unchanged) (cached)
registry/default/components/avatar/avatar-06.tsx[2K[1G[90mregistry/default/components/avatar/avatar-06.tsx[39m 3ms (unchanged) (cached)
registry/default/components/avatar/avatar-07.tsx[2K[1G[90mregistry/default/components/avatar/avatar-07.tsx[39m 2ms (unchanged) (cached)
registry/default/components/avatar/avatar-08.tsx[2K[1G[90mregistry/default/components/avatar/avatar-08.tsx[39m 1ms (unchanged) (cached)
registry/default/components/avatar/avatar-09.tsx[2K[1G[90mregistry/default/components/avatar/avatar-09.tsx[39m 4ms (unchanged) (cached)
registry/default/components/avatar/avatar-10.tsx[2K[1G[90mregistry/default/components/avatar/avatar-10.tsx[39m 3ms (unchanged) (cached)
registry/default/components/avatar/avatar-11.tsx[2K[1G[90mregistry/default/components/avatar/avatar-11.tsx[39m 1ms (unchanged) (cached)
registry/default/components/avatar/avatar-12.tsx[2K[1G[90mregistry/default/components/avatar/avatar-12.tsx[39m 4ms (unchanged) (cached)
registry/default/components/avatar/avatar-13.tsx[2K[1G[90mregistry/default/components/avatar/avatar-13.tsx[39m 4ms (unchanged) (cached)
registry/default/components/avatar/avatar-14.tsx[2K[1G[90mregistry/default/components/avatar/avatar-14.tsx[39m 1ms (unchanged) (cached)
registry/default/components/avatar/avatar-15.tsx[2K[1G[90mregistry/default/components/avatar/avatar-15.tsx[39m 2ms (unchanged) (cached)
registry/default/components/avatar/avatar-16.tsx[2K[1G[90mregistry/default/components/avatar/avatar-16.tsx[39m 4ms (unchanged) (cached)
registry/default/components/avatar/avatar-17.tsx[2K[1G[90mregistry/default/components/avatar/avatar-17.tsx[39m 2ms (unchanged) (cached)
registry/default/components/avatar/avatar-18.tsx[2K[1G[90mregistry/default/components/avatar/avatar-18.tsx[39m 1ms (unchanged) (cached)
registry/default/components/avatar/avatar-19.tsx[2K[1G[90mregistry/default/components/avatar/avatar-19.tsx[39m 1ms (unchanged) (cached)
registry/default/components/avatar/avatar-20.tsx[2K[1G[90mregistry/default/components/avatar/avatar-20.tsx[39m 1ms (unchanged) (cached)
registry/default/components/avatar/avatar-21.tsx[2K[1G[90mregistry/default/components/avatar/avatar-21.tsx[39m 1ms (unchanged) (cached)
registry/default/components/avatar/avatar-22.tsx[2K[1G[90mregistry/default/components/avatar/avatar-22.tsx[39m 1ms (unchanged) (cached)
registry/default/components/avatar/avatar-23.tsx[2K[1G[90mregistry/default/components/avatar/avatar-23.tsx[39m 1ms (unchanged) (cached)
registry/default/components/badge/badge-01.tsx[2K[1G[90mregistry/default/components/badge/badge-01.tsx[39m 1ms (unchanged) (cached)
registry/default/components/badge/badge-02.tsx[2K[1G[90mregistry/default/components/badge/badge-02.tsx[39m 1ms (unchanged) (cached)
registry/default/components/badge/badge-03.tsx[2K[1G[90mregistry/default/components/badge/badge-03.tsx[39m 1ms (unchanged) (cached)
registry/default/components/badge/badge-04.tsx[2K[1G[90mregistry/default/components/badge/badge-04.tsx[39m 1ms (unchanged) (cached)
registry/default/components/badge/badge-05.tsx[2K[1G[90mregistry/default/components/badge/badge-05.tsx[39m 1ms (unchanged) (cached)
registry/default/components/badge/badge-06.tsx[2K[1G[90mregistry/default/components/badge/badge-06.tsx[39m 1ms (unchanged) (cached)
registry/default/components/badge/badge-07.tsx[2K[1G[90mregistry/default/components/badge/badge-07.tsx[39m 1ms (unchanged) (cached)
registry/default/components/badge/badge-08.tsx[2K[1G[90mregistry/default/components/badge/badge-08.tsx[39m 0ms (unchanged) (cached)
registry/default/components/badge/badge-09.tsx[2K[1G[90mregistry/default/components/badge/badge-09.tsx[39m 1ms (unchanged) (cached)
registry/default/components/badge/badge-10.tsx[2K[1G[90mregistry/default/components/badge/badge-10.tsx[39m 1ms (unchanged) (cached)
registry/default/components/badge/badge-11.tsx[2K[1G[90mregistry/default/components/badge/badge-11.tsx[39m 1ms (unchanged) (cached)
registry/default/components/badge/badge-12.tsx[2K[1G[90mregistry/default/components/badge/badge-12.tsx[39m 1ms (unchanged) (cached)
registry/default/components/badge/badge-13.tsx[2K[1G[90mregistry/default/components/badge/badge-13.tsx[39m 1ms (unchanged) (cached)
registry/default/components/banner/banner-01.tsx[2K[1G[90mregistry/default/components/banner/banner-01.tsx[39m 1ms (unchanged) (cached)
registry/default/components/banner/banner-02.tsx[2K[1G[90mregistry/default/components/banner/banner-02.tsx[39m 2ms (unchanged) (cached)
registry/default/components/banner/banner-03.tsx[2K[1G[90mregistry/default/components/banner/banner-03.tsx[39m 1ms (unchanged) (cached)
registry/default/components/banner/banner-04.tsx[2K[1G[90mregistry/default/components/banner/banner-04.tsx[39m 2ms (unchanged) (cached)
registry/default/components/banner/banner-05.tsx[2K[1G[90mregistry/default/components/banner/banner-05.tsx[39m 4ms (unchanged) (cached)
registry/default/components/banner/banner-06.tsx[2K[1G[90mregistry/default/components/banner/banner-06.tsx[39m 1ms (unchanged) (cached)
registry/default/components/banner/banner-07.tsx[2K[1G[90mregistry/default/components/banner/banner-07.tsx[39m 1ms (unchanged) (cached)
registry/default/components/banner/banner-08.tsx[2K[1G[90mregistry/default/components/banner/banner-08.tsx[39m 1ms (unchanged) (cached)
registry/default/components/banner/banner-09.tsx[2K[1G[90mregistry/default/components/banner/banner-09.tsx[39m 2ms (unchanged) (cached)
registry/default/components/banner/banner-10.tsx[2K[1G[90mregistry/default/components/banner/banner-10.tsx[39m 1ms (unchanged) (cached)
registry/default/components/banner/banner-11.tsx[2K[1G[90mregistry/default/components/banner/banner-11.tsx[39m 1ms (unchanged) (cached)
registry/default/components/banner/banner-12.tsx[2K[1G[90mregistry/default/components/banner/banner-12.tsx[39m 1ms (unchanged) (cached)
registry/default/components/breadcrumb/breadcrumb-01.tsx[2K[1G[90mregistry/default/components/breadcrumb/breadcrumb-01.tsx[39m 0ms (unchanged) (cached)
registry/default/components/breadcrumb/breadcrumb-02.tsx[2K[1G[90mregistry/default/components/breadcrumb/breadcrumb-02.tsx[39m 1ms (unchanged) (cached)
registry/default/components/breadcrumb/breadcrumb-03.tsx[2K[1G[90mregistry/default/components/breadcrumb/breadcrumb-03.tsx[39m 1ms (unchanged) (cached)
registry/default/components/breadcrumb/breadcrumb-04.tsx[2K[1G[90mregistry/default/components/breadcrumb/breadcrumb-04.tsx[39m 1ms (unchanged) (cached)
registry/default/components/breadcrumb/breadcrumb-05.tsx[2K[1G[90mregistry/default/components/breadcrumb/breadcrumb-05.tsx[39m 0ms (unchanged) (cached)
registry/default/components/breadcrumb/breadcrumb-06.tsx[2K[1G[90mregistry/default/components/breadcrumb/breadcrumb-06.tsx[39m 1ms (unchanged) (cached)
registry/default/components/breadcrumb/breadcrumb-07.tsx[2K[1G[90mregistry/default/components/breadcrumb/breadcrumb-07.tsx[39m 0ms (unchanged) (cached)
registry/default/components/breadcrumb/breadcrumb-08.tsx[2K[1G[90mregistry/default/components/breadcrumb/breadcrumb-08.tsx[39m 2ms (unchanged) (cached)
registry/default/components/button/button-01.tsx[2K[1G[90mregistry/default/components/button/button-01.tsx[39m 1ms (unchanged) (cached)
registry/default/components/button/button-02.tsx[2K[1G[90mregistry/default/components/button/button-02.tsx[39m 1ms (unchanged) (cached)
registry/default/components/button/button-03.tsx[2K[1G[90mregistry/default/components/button/button-03.tsx[39m 1ms (unchanged) (cached)
registry/default/components/button/button-04.tsx[2K[1G[90mregistry/default/components/button/button-04.tsx[39m 1ms (unchanged) (cached)
registry/default/components/button/button-05.tsx[2K[1G[90mregistry/default/components/button/button-05.tsx[39m 1ms (unchanged) (cached)
registry/default/components/button/button-06.tsx[2K[1G[90mregistry/default/components/button/button-06.tsx[39m 1ms (unchanged) (cached)
registry/default/components/button/button-07.tsx[2K[1G[90mregistry/default/components/button/button-07.tsx[39m 1ms (unchanged) (cached)
registry/default/components/button/button-08.tsx[2K[1G[90mregistry/default/components/button/button-08.tsx[39m 2ms (unchanged) (cached)
registry/default/components/button/button-09.tsx[2K[1G[90mregistry/default/components/button/button-09.tsx[39m 2ms (unchanged) (cached)
registry/default/components/button/button-10.tsx[2K[1G[90mregistry/default/components/button/button-10.tsx[39m 1ms (unchanged) (cached)
registry/default/components/button/button-11.tsx[2K[1G[90mregistry/default/components/button/button-11.tsx[39m 1ms (unchanged) (cached)
registry/default/components/button/button-12.tsx[2K[1G[90mregistry/default/components/button/button-12.tsx[39m 3ms (unchanged) (cached)
registry/default/components/button/button-13.tsx[2K[1G[90mregistry/default/components/button/button-13.tsx[39m 1ms (unchanged) (cached)
registry/default/components/button/button-14.tsx[2K[1G[90mregistry/default/components/button/button-14.tsx[39m 1ms (unchanged) (cached)
registry/default/components/button/button-15.tsx[2K[1G[90mregistry/default/components/button/button-15.tsx[39m 1ms (unchanged) (cached)
registry/default/components/button/button-16.tsx[2K[1G[90mregistry/default/components/button/button-16.tsx[39m 0ms (unchanged) (cached)
registry/default/components/button/button-17.tsx[2K[1G[90mregistry/default/components/button/button-17.tsx[39m 2ms (unchanged) (cached)
registry/default/components/button/button-18.tsx[2K[1G[90mregistry/default/components/button/button-18.tsx[39m 3ms (unchanged) (cached)
registry/default/components/button/button-19.tsx[2K[1G[90mregistry/default/components/button/button-19.tsx[39m 1ms (unchanged) (cached)
registry/default/components/button/button-20.tsx[2K[1G[90mregistry/default/components/button/button-20.tsx[39m 1ms (unchanged) (cached)
registry/default/components/button/button-21.tsx[2K[1G[90mregistry/default/components/button/button-21.tsx[39m 2ms (unchanged) (cached)
registry/default/components/button/button-22.tsx[2K[1G[90mregistry/default/components/button/button-22.tsx[39m 2ms (unchanged) (cached)
registry/default/components/button/button-23.tsx[2K[1G[90mregistry/default/components/button/button-23.tsx[39m 1ms (unchanged) (cached)
registry/default/components/button/button-24.tsx[2K[1G[90mregistry/default/components/button/button-24.tsx[39m 0ms (unchanged) (cached)
registry/default/components/button/button-25.tsx[2K[1G[90mregistry/default/components/button/button-25.tsx[39m 1ms (unchanged) (cached)
registry/default/components/button/button-26.tsx[2K[1G[90mregistry/default/components/button/button-26.tsx[39m 1ms (unchanged) (cached)
registry/default/components/button/button-27.tsx[2K[1G[90mregistry/default/components/button/button-27.tsx[39m 1ms (unchanged) (cached)
registry/default/components/button/button-28.tsx[2K[1G[90mregistry/default/components/button/button-28.tsx[39m 1ms (unchanged) (cached)
registry/default/components/button/button-29.tsx[2K[1G[90mregistry/default/components/button/button-29.tsx[39m 1ms (unchanged) (cached)
registry/default/components/button/button-30.tsx[2K[1G[90mregistry/default/components/button/button-30.tsx[39m 1ms (unchanged) (cached)
registry/default/components/button/button-31.tsx[2K[1G[90mregistry/default/components/button/button-31.tsx[39m 4ms (unchanged) (cached)
registry/default/components/button/button-32.tsx[2K[1G[90mregistry/default/components/button/button-32.tsx[39m 2ms (unchanged) (cached)
registry/default/components/button/button-33.tsx[2K[1G[90mregistry/default/components/button/button-33.tsx[39m 1ms (unchanged) (cached)
registry/default/components/button/button-34.tsx[2K[1G[90mregistry/default/components/button/button-34.tsx[39m 1ms (unchanged) (cached)
registry/default/components/button/button-35.tsx[2K[1G[90mregistry/default/components/button/button-35.tsx[39m 1ms (unchanged) (cached)
registry/default/components/button/button-36.tsx[2K[1G[90mregistry/default/components/button/button-36.tsx[39m 2ms (unchanged) (cached)
registry/default/components/button/button-37.tsx[2K[1G[90mregistry/default/components/button/button-37.tsx[39m 1ms (unchanged) (cached)
registry/default/components/button/button-38.tsx[2K[1G[90mregistry/default/components/button/button-38.tsx[39m 1ms (unchanged) (cached)
registry/default/components/button/button-39.tsx[2K[1G[90mregistry/default/components/button/button-39.tsx[39m 2ms (unchanged) (cached)
registry/default/components/button/button-40.tsx[2K[1G[90mregistry/default/components/button/button-40.tsx[39m 4ms (unchanged) (cached)
registry/default/components/button/button-41.tsx[2K[1G[90mregistry/default/components/button/button-41.tsx[39m 1ms (unchanged) (cached)
registry/default/components/button/button-42.tsx[2K[1G[90mregistry/default/components/button/button-42.tsx[39m 1ms (unchanged) (cached)
registry/default/components/button/button-43.tsx[2K[1G[90mregistry/default/components/button/button-43.tsx[39m 1ms (unchanged) (cached)
registry/default/components/button/button-44.tsx[2K[1G[90mregistry/default/components/button/button-44.tsx[39m 1ms (unchanged) (cached)
registry/default/components/button/button-45.tsx[2K[1G[90mregistry/default/components/button/button-45.tsx[39m 1ms (unchanged) (cached)
registry/default/components/button/button-46.tsx[2K[1G[90mregistry/default/components/button/button-46.tsx[39m 1ms (unchanged) (cached)
registry/default/components/button/button-47.tsx[2K[1G[90mregistry/default/components/button/button-47.tsx[39m 2ms (unchanged) (cached)
registry/default/components/button/button-48.tsx[2K[1G[90mregistry/default/components/button/button-48.tsx[39m 2ms (unchanged) (cached)
registry/default/components/button/button-49.tsx[2K[1G[90mregistry/default/components/button/button-49.tsx[39m 5ms (unchanged) (cached)
registry/default/components/button/button-50.tsx[2K[1G[90mregistry/default/components/button/button-50.tsx[39m 1ms (unchanged) (cached)
registry/default/components/button/button-51.tsx[2K[1G[90mregistry/default/components/button/button-51.tsx[39m 1ms (unchanged) (cached)
registry/default/components/button/button-52.tsx[2K[1G[90mregistry/default/components/button/button-52.tsx[39m 2ms (unchanged) (cached)
registry/default/components/button/button-53.tsx[2K[1G[90mregistry/default/components/button/button-53.tsx[39m 1ms (unchanged) (cached)
registry/default/components/button/button-54.tsx[2K[1G[90mregistry/default/components/button/button-54.tsx[39m 1ms (unchanged) (cached)
registry/default/components/calendar-date-picker/calendar-date-picker-01.tsx[2K[1G[90mregistry/default/components/calendar-date-picker/calendar-date-picker-01.tsx[39m 1ms (unchanged) (cached)
registry/default/components/calendar-date-picker/calendar-date-picker-02.tsx[2K[1G[90mregistry/default/components/calendar-date-picker/calendar-date-picker-02.tsx[39m 1ms (unchanged) (cached)
registry/default/components/calendar-date-picker/calendar-date-picker-03.tsx[2K[1G[90mregistry/default/components/calendar-date-picker/calendar-date-picker-03.tsx[39m 1ms (unchanged) (cached)
registry/default/components/calendar-date-picker/calendar-date-picker-04.tsx[2K[1G[90mregistry/default/components/calendar-date-picker/calendar-date-picker-04.tsx[39m 1ms (unchanged) (cached)
registry/default/components/calendar-date-picker/calendar-date-picker-05.tsx[2K[1G[90mregistry/default/components/calendar-date-picker/calendar-date-picker-05.tsx[39m 370ms (unchanged)
registry/default/components/calendar-date-picker/calendar-date-picker-06.tsx[2K[1G[90mregistry/default/components/calendar-date-picker/calendar-date-picker-06.tsx[39m 1ms (unchanged) (cached)
registry/default/components/calendar-date-picker/calendar-date-picker-07.tsx[2K[1G[90mregistry/default/components/calendar-date-picker/calendar-date-picker-07.tsx[39m 2ms (unchanged) (cached)
registry/default/components/calendar-date-picker/calendar-date-picker-08.tsx[2K[1G[90mregistry/default/components/calendar-date-picker/calendar-date-picker-08.tsx[39m 1ms (unchanged) (cached)
registry/default/components/calendar-date-picker/calendar-date-picker-09.tsx[2K[1G[90mregistry/default/components/calendar-date-picker/calendar-date-picker-09.tsx[39m 12ms (unchanged)
registry/default/components/calendar-date-picker/calendar-date-picker-10.tsx[2K[1G[90mregistry/default/components/calendar-date-picker/calendar-date-picker-10.tsx[39m 1ms (unchanged) (cached)
registry/default/components/calendar-date-picker/calendar-date-picker-11.tsx[2K[1G[90mregistry/default/components/calendar-date-picker/calendar-date-picker-11.tsx[39m 41ms (unchanged)
registry/default/components/calendar-date-picker/calendar-date-picker-12.tsx[2K[1G[90mregistry/default/components/calendar-date-picker/calendar-date-picker-12.tsx[39m 23ms (unchanged)
registry/default/components/calendar-date-picker/calendar-date-picker-13.tsx[2K[1G[90mregistry/default/components/calendar-date-picker/calendar-date-picker-13.tsx[39m 8ms (unchanged)
registry/default/components/calendar-date-picker/calendar-date-picker-14.tsx[2K[1G[90mregistry/default/components/calendar-date-picker/calendar-date-picker-14.tsx[39m 1ms (unchanged) (cached)
registry/default/components/calendar-date-picker/calendar-date-picker-15.tsx[2K[1G[90mregistry/default/components/calendar-date-picker/calendar-date-picker-15.tsx[39m 1ms (unchanged) (cached)
registry/default/components/calendar-date-picker/calendar-date-picker-16.tsx[2K[1G[90mregistry/default/components/calendar-date-picker/calendar-date-picker-16.tsx[39m 1ms (unchanged) (cached)
registry/default/components/calendar-date-picker/calendar-date-picker-17.tsx[2K[1G[90mregistry/default/components/calendar-date-picker/calendar-date-picker-17.tsx[39m 1ms (unchanged) (cached)
registry/default/components/calendar-date-picker/calendar-date-picker-18.tsx[2K[1G[90mregistry/default/components/calendar-date-picker/calendar-date-picker-18.tsx[39m 121ms (unchanged)
registry/default/components/calendar-date-picker/calendar-date-picker-19.tsx[2K[1G[90mregistry/default/components/calendar-date-picker/calendar-date-picker-19.tsx[39m 3ms (unchanged) (cached)
registry/default/components/calendar-date-picker/calendar-date-picker-20.tsx[2K[1G[90mregistry/default/components/calendar-date-picker/calendar-date-picker-20.tsx[39m 1ms (unchanged) (cached)
registry/default/components/calendar-date-picker/calendar-date-picker-21.tsx[2K[1G[90mregistry/default/components/calendar-date-picker/calendar-date-picker-21.tsx[39m 21ms (unchanged)
registry/default/components/calendar-date-picker/calendar-date-picker-22.tsx[2K[1G[90mregistry/default/components/calendar-date-picker/calendar-date-picker-22.tsx[39m 7ms (unchanged)
registry/default/components/calendar-date-picker/calendar-date-picker-23.tsx[2K[1G[90mregistry/default/components/calendar-date-picker/calendar-date-picker-23.tsx[39m 8ms (unchanged)
registry/default/components/calendar-date-picker/calendar-date-picker-24.tsx[2K[1Gregistry/default/components/calendar-date-picker/calendar-date-picker-24.tsx 27ms
registry/default/components/calendar-date-picker/calendar-date-picker-25.tsx[2K[1G[90mregistry/default/components/calendar-date-picker/calendar-date-picker-25.tsx[39m 1ms (unchanged) (cached)
registry/default/components/calendar-date-picker/calendar-date-picker-26.tsx[2K[1G[90mregistry/default/components/calendar-date-picker/calendar-date-picker-26.tsx[39m 1ms (unchanged) (cached)
registry/default/components/calendar-date-picker/calendar-date-picker-27.tsx[2K[1G[90mregistry/default/components/calendar-date-picker/calendar-date-picker-27.tsx[39m 1ms (unchanged) (cached)
registry/default/components/calendar-date-picker/calendar-date-picker-28.tsx[2K[1Gregistry/default/components/calendar-date-picker/calendar-date-picker-28.tsx 13ms
registry/default/components/card/card-01.tsx[2K[1G[90mregistry/default/components/card/card-01.tsx[39m 1ms (unchanged) (cached)
registry/default/components/checkbox/checkbox-01.tsx[2K[1G[90mregistry/default/components/checkbox/checkbox-01.tsx[39m 1ms (unchanged) (cached)
registry/default/components/checkbox/checkbox-02.tsx[2K[1G[90mregistry/default/components/checkbox/checkbox-02.tsx[39m 1ms (unchanged) (cached)
registry/default/components/checkbox/checkbox-03.tsx[2K[1G[90mregistry/default/components/checkbox/checkbox-03.tsx[39m 1ms (unchanged) (cached)
registry/default/components/checkbox/checkbox-04.tsx[2K[1G[90mregistry/default/components/checkbox/checkbox-04.tsx[39m 1ms (unchanged) (cached)
registry/default/components/checkbox/checkbox-05.tsx[2K[1G[90mregistry/default/components/checkbox/checkbox-05.tsx[39m 8ms (unchanged) (cached)
registry/default/components/checkbox/checkbox-06.tsx[2K[1G[90mregistry/default/components/checkbox/checkbox-06.tsx[39m 1ms (unchanged) (cached)
registry/default/components/checkbox/checkbox-07.tsx[2K[1G[90mregistry/default/components/checkbox/checkbox-07.tsx[39m 12ms (unchanged) (cached)
registry/default/components/checkbox/checkbox-08.tsx[2K[1G[90mregistry/default/components/checkbox/checkbox-08.tsx[39m 30ms (unchanged) (cached)
registry/default/components/checkbox/checkbox-09.tsx[2K[1G[90mregistry/default/components/checkbox/checkbox-09.tsx[39m 2ms (unchanged) (cached)
registry/default/components/checkbox/checkbox-10.tsx[2K[1G[90mregistry/default/components/checkbox/checkbox-10.tsx[39m 1ms (unchanged) (cached)
registry/default/components/checkbox/checkbox-11.tsx[2K[1G[90mregistry/default/components/checkbox/checkbox-11.tsx[39m 1ms (unchanged) (cached)
registry/default/components/checkbox/checkbox-12.tsx[2K[1G[90mregistry/default/components/checkbox/checkbox-12.tsx[39m 1ms (unchanged) (cached)
registry/default/components/checkbox/checkbox-13.tsx[2K[1G[90mregistry/default/components/checkbox/checkbox-13.tsx[39m 1ms (unchanged) (cached)
registry/default/components/checkbox/checkbox-14.tsx[2K[1G[90mregistry/default/components/checkbox/checkbox-14.tsx[39m 8ms (unchanged) (cached)
registry/default/components/checkbox/checkbox-15.tsx[2K[1G[90mregistry/default/components/checkbox/checkbox-15.tsx[39m 2ms (unchanged) (cached)
registry/default/components/checkbox/checkbox-16.tsx[2K[1G[90mregistry/default/components/checkbox/checkbox-16.tsx[39m 2ms (unchanged) (cached)
registry/default/components/checkbox/checkbox-17.tsx[2K[1G[90mregistry/default/components/checkbox/checkbox-17.tsx[39m 1ms (unchanged) (cached)
registry/default/components/checkbox/checkbox-18.tsx[2K[1G[90mregistry/default/components/checkbox/checkbox-18.tsx[39m 1ms (unchanged) (cached)
registry/default/components/checkbox/checkbox-19.tsx[2K[1G[90mregistry/default/components/checkbox/checkbox-19.tsx[39m 2ms (unchanged) (cached)
registry/default/components/checkbox/checkbox-20.tsx[2K[1G[90mregistry/default/components/checkbox/checkbox-20.tsx[39m 6ms (unchanged) (cached)
registry/default/components/collapsible/collapsible-demo.tsx[2K[1G[90mregistry/default/components/collapsible/collapsible-demo.tsx[39m 2ms (unchanged) (cached)
registry/default/components/command/command-demo.tsx[2K[1G[90mregistry/default/components/command/command-demo.tsx[39m 1ms (unchanged) (cached)
registry/default/components/dialog/dialog-01.tsx[2K[1G[90mregistry/default/components/dialog/dialog-01.tsx[39m 1ms (unchanged) (cached)
registry/default/components/dialog/dialog-02.tsx[2K[1G[90mregistry/default/components/dialog/dialog-02.tsx[39m 1ms (unchanged) (cached)
registry/default/components/dialog/dialog-03.tsx[2K[1G[90mregistry/default/components/dialog/dialog-03.tsx[39m 1ms (unchanged) (cached)
registry/default/components/dialog/dialog-04.tsx[2K[1G[90mregistry/default/components/dialog/dialog-04.tsx[39m 1ms (unchanged) (cached)
registry/default/components/dialog/dialog-05.tsx[2K[1G[90mregistry/default/components/dialog/dialog-05.tsx[39m 2ms (unchanged) (cached)
registry/default/components/dialog/dialog-06.tsx[2K[1G[90mregistry/default/components/dialog/dialog-06.tsx[39m 3ms (unchanged) (cached)
registry/default/components/dialog/dialog-07.tsx[2K[1G[90mregistry/default/components/dialog/dialog-07.tsx[39m 1ms (unchanged) (cached)
registry/default/components/dialog/dialog-08.tsx[2K[1G[90mregistry/default/components/dialog/dialog-08.tsx[39m 1ms (unchanged) (cached)
registry/default/components/dialog/dialog-09.tsx[2K[1G[90mregistry/default/components/dialog/dialog-09.tsx[39m 2ms (unchanged) (cached)
registry/default/components/dialog/dialog-10.tsx[2K[1G[90mregistry/default/components/dialog/dialog-10.tsx[39m 1ms (unchanged) (cached)
registry/default/components/dialog/dialog-11.tsx[2K[1G[90mregistry/default/components/dialog/dialog-11.tsx[39m 1ms (unchanged) (cached)
registry/default/components/dialog/dialog-12.tsx[2K[1G[90mregistry/default/components/dialog/dialog-12.tsx[39m 2ms (unchanged) (cached)
registry/default/components/dialog/dialog-13.tsx[2K[1G[90mregistry/default/components/dialog/dialog-13.tsx[39m 1ms (unchanged) (cached)
registry/default/components/dialog/dialog-14.tsx[2K[1G[90mregistry/default/components/dialog/dialog-14.tsx[39m 2ms (unchanged) (cached)
registry/default/components/dialog/dialog-15.tsx[2K[1G[90mregistry/default/components/dialog/dialog-15.tsx[39m 1ms (unchanged) (cached)
registry/default/components/dialog/dialog-16.tsx[2K[1G[90mregistry/default/components/dialog/dialog-16.tsx[39m 1ms (unchanged) (cached)
registry/default/components/dialog/dialog-17.tsx[2K[1G[90mregistry/default/components/dialog/dialog-17.tsx[39m 1ms (unchanged) (cached)
registry/default/components/dialog/dialog-18.tsx[2K[1G[90mregistry/default/components/dialog/dialog-18.tsx[39m 1ms (unchanged) (cached)
registry/default/components/dialog/dialog-19.tsx[2K[1G[90mregistry/default/components/dialog/dialog-19.tsx[39m 1ms (unchanged) (cached)
registry/default/components/dialog/dialog-20.tsx[2K[1G[90mregistry/default/components/dialog/dialog-20.tsx[39m 1ms (unchanged) (cached)
registry/default/components/dialog/dialog-21.tsx[2K[1G[90mregistry/default/components/dialog/dialog-21.tsx[39m 3ms (unchanged) (cached)
registry/default/components/dropdown/dropdown-01.tsx[2K[1G[90mregistry/default/components/dropdown/dropdown-01.tsx[39m 2ms (unchanged) (cached)
registry/default/components/dropdown/dropdown-02.tsx[2K[1G[90mregistry/default/components/dropdown/dropdown-02.tsx[39m 2ms (unchanged) (cached)
registry/default/components/dropdown/dropdown-03.tsx[2K[1G[90mregistry/default/components/dropdown/dropdown-03.tsx[39m 2ms (unchanged) (cached)
registry/default/components/dropdown/dropdown-04.tsx[2K[1G[90mregistry/default/components/dropdown/dropdown-04.tsx[39m 1ms (unchanged) (cached)
registry/default/components/dropdown/dropdown-05.tsx[2K[1G[90mregistry/default/components/dropdown/dropdown-05.tsx[39m 1ms (unchanged) (cached)
registry/default/components/dropdown/dropdown-06.tsx[2K[1G[90mregistry/default/components/dropdown/dropdown-06.tsx[39m 1ms (unchanged) (cached)
registry/default/components/dropdown/dropdown-07.tsx[2K[1G[90mregistry/default/components/dropdown/dropdown-07.tsx[39m 1ms (unchanged) (cached)
registry/default/components/dropdown/dropdown-08.tsx[2K[1G[90mregistry/default/components/dropdown/dropdown-08.tsx[39m 1ms (unchanged) (cached)
registry/default/components/dropdown/dropdown-09.tsx[2K[1G[90mregistry/default/components/dropdown/dropdown-09.tsx[39m 1ms (unchanged) (cached)
registry/default/components/dropdown/dropdown-10.tsx[2K[1G[90mregistry/default/components/dropdown/dropdown-10.tsx[39m 1ms (unchanged) (cached)
registry/default/components/dropdown/dropdown-11.tsx[2K[1G[90mregistry/default/components/dropdown/dropdown-11.tsx[39m 2ms (unchanged) (cached)
registry/default/components/dropdown/dropdown-12.tsx[2K[1G[90mregistry/default/components/dropdown/dropdown-12.tsx[39m 2ms (unchanged) (cached)
registry/default/components/dropdown/dropdown-13.tsx[2K[1G[90mregistry/default/components/dropdown/dropdown-13.tsx[39m 3ms (unchanged) (cached)
registry/default/components/dropdown/dropdown-14.tsx[2K[1G[90mregistry/default/components/dropdown/dropdown-14.tsx[39m 2ms (unchanged) (cached)
registry/default/components/dropdown/dropdown-15.tsx[2K[1G[90mregistry/default/components/dropdown/dropdown-15.tsx[39m 2ms (unchanged) (cached)
registry/default/components/event-calendar/agenda-view.tsx[2K[1G[90mregistry/default/components/event-calendar/agenda-view.tsx[39m 1ms (unchanged) (cached)
registry/default/components/event-calendar/calendar-dnd-context.tsx[2K[1G[90mregistry/default/components/event-calendar/calendar-dnd-context.tsx[39m 1ms (unchanged) (cached)
registry/default/components/event-calendar/constants.ts[2K[1G[90mregistry/default/components/event-calendar/constants.ts[39m 1ms (unchanged) (cached)
registry/default/components/event-calendar/day-view.tsx[2K[1G[90mregistry/default/components/event-calendar/day-view.tsx[39m 1ms (unchanged) (cached)
registry/default/components/event-calendar/draggable-event.tsx[2K[1G[90mregistry/default/components/event-calendar/draggable-event.tsx[39m 1ms (unchanged) (cached)
registry/default/components/event-calendar/droppable-cell.tsx[2K[1G[90mregistry/default/components/event-calendar/droppable-cell.tsx[39m 1ms (unchanged) (cached)
registry/default/components/event-calendar/event-calendar-01.tsx[2K[1G[90mregistry/default/components/event-calendar/event-calendar-01.tsx[39m 1ms (unchanged) (cached)
registry/default/components/event-calendar/event-calendar.tsx[2K[1G[90mregistry/default/components/event-calendar/event-calendar.tsx[39m 10ms (unchanged) (cached)
registry/default/components/event-calendar/event-dialog.tsx[2K[1G[90mregistry/default/components/event-calendar/event-dialog.tsx[39m 1ms (unchanged) (cached)
registry/default/components/event-calendar/event-item.tsx[2K[1G[90mregistry/default/components/event-calendar/event-item.tsx[39m 5ms (unchanged) (cached)
registry/default/components/event-calendar/events-popup.tsx[2K[1G[90mregistry/default/components/event-calendar/events-popup.tsx[39m 2ms (unchanged) (cached)
registry/default/components/event-calendar/hooks/use-current-time-indicator.ts[2K[1G[90mregistry/default/components/event-calendar/hooks/use-current-time-indicator.ts[39m 3ms (unchanged) (cached)
registry/default/components/event-calendar/hooks/use-event-visibility.ts[2K[1G[90mregistry/default/components/event-calendar/hooks/use-event-visibility.ts[39m 2ms (unchanged) (cached)
registry/default/components/event-calendar/index.ts[2K[1G[90mregistry/default/components/event-calendar/index.ts[39m 1ms (unchanged) (cached)
registry/default/components/event-calendar/month-view.tsx[2K[1G[90mregistry/default/components/event-calendar/month-view.tsx[39m 4ms (unchanged) (cached)
registry/default/components/event-calendar/types.ts[2K[1G[90mregistry/default/components/event-calendar/types.ts[39m 3ms (unchanged) (cached)
registry/default/components/event-calendar/utils.ts[2K[1G[90mregistry/default/components/event-calendar/utils.ts[39m 2ms (unchanged) (cached)
registry/default/components/event-calendar/week-view.tsx[2K[1G[90mregistry/default/components/event-calendar/week-view.tsx[39m 2ms (unchanged) (cached)
registry/default/components/file-upload/file-upload-03.tsx[2K[1G[90mregistry/default/components/file-upload/file-upload-03.tsx[39m 0ms (unchanged) (cached)
registry/default/components/file-upload/file-upload-04.tsx[2K[1G[90mregistry/default/components/file-upload/file-upload-04.tsx[39m 1ms (unchanged) (cached)
registry/default/components/file-upload/file-upload-05.tsx[2K[1G[90mregistry/default/components/file-upload/file-upload-05.tsx[39m 1ms (unchanged) (cached)
registry/default/components/file-upload/file-upload-06.tsx[2K[1G[90mregistry/default/components/file-upload/file-upload-06.tsx[39m 1ms (unchanged) (cached)
registry/default/components/file-upload/file-upload-07.tsx[2K[1G[90mregistry/default/components/file-upload/file-upload-07.tsx[39m 1ms (unchanged) (cached)
registry/default/components/file-upload/file-upload-08.tsx[2K[1G[90mregistry/default/components/file-upload/file-upload-08.tsx[39m 1ms (unchanged) (cached)
registry/default/components/file-upload/file-upload-09.tsx[2K[1G[90mregistry/default/components/file-upload/file-upload-09.tsx[39m 1ms (unchanged) (cached)
registry/default/components/file-upload/file-upload-10.tsx[2K[1G[90mregistry/default/components/file-upload/file-upload-10.tsx[39m 1ms (unchanged) (cached)
registry/default/components/file-upload/file-upload-11.tsx[2K[1G[90mregistry/default/components/file-upload/file-upload-11.tsx[39m 3ms (unchanged) (cached)
registry/default/components/file-upload/file-upload-12.tsx[2K[1G[90mregistry/default/components/file-upload/file-upload-12.tsx[39m 1ms (unchanged) (cached)
registry/default/components/file-upload/file-upload-13.tsx[2K[1G[90mregistry/default/components/file-upload/file-upload-13.tsx[39m 1ms (unchanged) (cached)
registry/default/components/hover-card/hover-card-demo.tsx[2K[1G[90mregistry/default/components/hover-card/hover-card-demo.tsx[39m 1ms (unchanged) (cached)
registry/default/components/image-cropper/image-cropper-01.tsx[2K[1G[90mregistry/default/components/image-cropper/image-cropper-01.tsx[39m 1ms (unchanged) (cached)
registry/default/components/image-cropper/image-cropper-02.tsx[2K[1G[90mregistry/default/components/image-cropper/image-cropper-02.tsx[39m 3ms (unchanged) (cached)
registry/default/components/image-cropper/image-cropper-03.tsx[2K[1G[90mregistry/default/components/image-cropper/image-cropper-03.tsx[39m 1ms (unchanged) (cached)
registry/default/components/image-cropper/image-cropper-04.tsx[2K[1G[90mregistry/default/components/image-cropper/image-cropper-04.tsx[39m 1ms (unchanged) (cached)
registry/default/components/image-cropper/image-cropper-05.tsx[2K[1G[90mregistry/default/components/image-cropper/image-cropper-05.tsx[39m 1ms (unchanged) (cached)
registry/default/components/image-cropper/image-cropper-06.tsx[2K[1G[90mregistry/default/components/image-cropper/image-cropper-06.tsx[39m 1ms (unchanged) (cached)
registry/default/components/image-cropper/image-cropper-07.tsx[2K[1G[90mregistry/default/components/image-cropper/image-cropper-07.tsx[39m 0ms (unchanged) (cached)
registry/default/components/image-cropper/image-cropper-08.tsx[2K[1G[90mregistry/default/components/image-cropper/image-cropper-08.tsx[39m 1ms (unchanged) (cached)
registry/default/components/image-cropper/image-cropper-09.tsx[2K[1G[90mregistry/default/components/image-cropper/image-cropper-09.tsx[39m 1ms (unchanged) (cached)
registry/default/components/image-cropper/image-cropper-10.tsx[2K[1G[90mregistry/default/components/image-cropper/image-cropper-10.tsx[39m 1ms (unchanged) (cached)
registry/default/components/image-cropper/image-cropper-11.tsx[2K[1G[90mregistry/default/components/image-cropper/image-cropper-11.tsx[39m 1ms (unchanged) (cached)
registry/default/components/input/input-01.tsx[2K[1G[90mregistry/default/components/input/input-01.tsx[39m 0ms (unchanged) (cached)
registry/default/components/input/input-02.tsx[2K[1G[90mregistry/default/components/input/input-02.tsx[39m 0ms (unchanged) (cached)
registry/default/components/input/input-03.tsx[2K[1G[90mregistry/default/components/input/input-03.tsx[39m 1ms (unchanged) (cached)
registry/default/components/input/input-04.tsx[2K[1G[90mregistry/default/components/input/input-04.tsx[39m 1ms (unchanged) (cached)
registry/default/components/input/input-05.tsx[2K[1G[90mregistry/default/components/input/input-05.tsx[39m 1ms (unchanged) (cached)
registry/default/components/input/input-06.tsx[2K[1G[90mregistry/default/components/input/input-06.tsx[39m 1ms (unchanged) (cached)
registry/default/components/input/input-07.tsx[2K[1G[90mregistry/default/components/input/input-07.tsx[39m 0ms (unchanged) (cached)
registry/default/components/input/input-08.tsx[2K[1G[90mregistry/default/components/input/input-08.tsx[39m 0ms (unchanged) (cached)
registry/default/components/input/input-09.tsx[2K[1G[90mregistry/default/components/input/input-09.tsx[39m 1ms (unchanged) (cached)
registry/default/components/input/input-10.tsx[2K[1G[90mregistry/default/components/input/input-10.tsx[39m 0ms (unchanged) (cached)
registry/default/components/input/input-11.tsx[2K[1G[90mregistry/default/components/input/input-11.tsx[39m 1ms (unchanged) (cached)
registry/default/components/input/input-12.tsx[2K[1G[90mregistry/default/components/input/input-12.tsx[39m 0ms (unchanged) (cached)
registry/default/components/input/input-13.tsx[2K[1G[90mregistry/default/components/input/input-13.tsx[39m 0ms (unchanged) (cached)
registry/default/components/input/input-14.tsx[2K[1G[90mregistry/default/components/input/input-14.tsx[39m 1ms (unchanged) (cached)
registry/default/components/input/input-15.tsx[2K[1G[90mregistry/default/components/input/input-15.tsx[39m 1ms (unchanged) (cached)
registry/default/components/input/input-16.tsx[2K[1G[90mregistry/default/components/input/input-16.tsx[39m 0ms (unchanged) (cached)
registry/default/components/input/input-17.tsx[2K[1G[90mregistry/default/components/input/input-17.tsx[39m 0ms (unchanged) (cached)
registry/default/components/input/input-18.tsx[2K[1G[90mregistry/default/components/input/input-18.tsx[39m 1ms (unchanged) (cached)
registry/default/components/input/input-19.tsx[2K[1G[90mregistry/default/components/input/input-19.tsx[39m 0ms (unchanged) (cached)
registry/default/components/input/input-20.tsx[2K[1G[90mregistry/default/components/input/input-20.tsx[39m 0ms (unchanged) (cached)
registry/default/components/input/input-21.tsx[2K[1G[90mregistry/default/components/input/input-21.tsx[39m 1ms (unchanged) (cached)
registry/default/components/input/input-22.tsx[2K[1G[90mregistry/default/components/input/input-22.tsx[39m 1ms (unchanged) (cached)
registry/default/components/input/input-23.tsx[2K[1G[90mregistry/default/components/input/input-23.tsx[39m 0ms (unchanged) (cached)
registry/default/components/input/input-24.tsx[2K[1G[90mregistry/default/components/input/input-24.tsx[39m 0ms (unchanged) (cached)
registry/default/components/input/input-25.tsx[2K[1G[90mregistry/default/components/input/input-25.tsx[39m 0ms (unchanged) (cached)
registry/default/components/input/input-26.tsx[2K[1G[90mregistry/default/components/input/input-26.tsx[39m 1ms (unchanged) (cached)
registry/default/components/input/input-27.tsx[2K[1G[90mregistry/default/components/input/input-27.tsx[39m 0ms (unchanged) (cached)
registry/default/components/input/input-28.tsx[2K[1G[90mregistry/default/components/input/input-28.tsx[39m 1ms (unchanged) (cached)
registry/default/components/input/input-29.tsx[2K[1G[90mregistry/default/components/input/input-29.tsx[39m 2ms (unchanged) (cached)
registry/default/components/input/input-30.tsx[2K[1G[90mregistry/default/components/input/input-30.tsx[39m 1ms (unchanged) (cached)
registry/default/components/input/input-31.tsx[2K[1G[90mregistry/default/components/input/input-31.tsx[39m 2ms (unchanged) (cached)
registry/default/components/input/input-32.tsx[2K[1G[90mregistry/default/components/input/input-32.tsx[39m 1ms (unchanged) (cached)
registry/default/components/input/input-33.tsx[2K[1G[90mregistry/default/components/input/input-33.tsx[39m 1ms (unchanged) (cached)
registry/default/components/input/input-34.tsx[2K[1G[90mregistry/default/components/input/input-34.tsx[39m 1ms (unchanged) (cached)
registry/default/components/input/input-35.tsx[2K[1G[90mregistry/default/components/input/input-35.tsx[39m 1ms (unchanged) (cached)
registry/default/components/input/input-36.tsx[2K[1G[90mregistry/default/components/input/input-36.tsx[39m 1ms (unchanged) (cached)
registry/default/components/input/input-37.tsx[2K[1G[90mregistry/default/components/input/input-37.tsx[39m 1ms (unchanged) (cached)
registry/default/components/input/input-38.tsx[2K[1G[90mregistry/default/components/input/input-38.tsx[39m 0ms (unchanged) (cached)
registry/default/components/input/input-39.tsx[2K[1G[90mregistry/default/components/input/input-39.tsx[39m 0ms (unchanged) (cached)
registry/default/components/input/input-40.tsx[2K[1G[90mregistry/default/components/input/input-40.tsx[39m 1ms (unchanged) (cached)
registry/default/components/input/input-43.tsx[2K[1G[90mregistry/default/components/input/input-43.tsx[39m 0ms (unchanged) (cached)
registry/default/components/input/input-44.tsx[2K[1G[90mregistry/default/components/input/input-44.tsx[39m 3ms (unchanged) (cached)
registry/default/components/input/input-45.tsx[2K[1G[90mregistry/default/components/input/input-45.tsx[39m 1ms (unchanged) (cached)
registry/default/components/input/input-46.tsx[2K[1G[90mregistry/default/components/input/input-46.tsx[39m 0ms (unchanged) (cached)
registry/default/components/input/input-47.tsx[2K[1G[90mregistry/default/components/input/input-47.tsx[39m 1ms (unchanged) (cached)
registry/default/components/input/input-48.tsx[2K[1G[90mregistry/default/components/input/input-48.tsx[39m 1ms (unchanged) (cached)
registry/default/components/input/input-49.tsx[2K[1G[90mregistry/default/components/input/input-49.tsx[39m 1ms (unchanged) (cached)
registry/default/components/input/input-50.tsx[2K[1G[90mregistry/default/components/input/input-50.tsx[39m 1ms (unchanged) (cached)
registry/default/components/input/input-51.tsx[2K[1G[90mregistry/default/components/input/input-51.tsx[39m 1ms (unchanged) (cached)
registry/default/components/input/input-52.tsx[2K[1G[90mregistry/default/components/input/input-52.tsx[39m 3ms (unchanged) (cached)
registry/default/components/input/input-53.tsx[2K[1G[90mregistry/default/components/input/input-53.tsx[39m 0ms (unchanged) (cached)
registry/default/components/input/input-54.tsx[2K[1G[90mregistry/default/components/input/input-54.tsx[39m 1ms (unchanged) (cached)
registry/default/components/input/input-55.tsx[2K[1G[90mregistry/default/components/input/input-55.tsx[39m 1ms (unchanged) (cached)
registry/default/components/input/input-56.tsx[2K[1G[90mregistry/default/components/input/input-56.tsx[39m 1ms (unchanged) (cached)
registry/default/components/input/input-57.tsx[2K[1G[90mregistry/default/components/input/input-57.tsx[39m 1ms (unchanged) (cached)
registry/default/components/input/input-58.tsx[2K[1G[90mregistry/default/components/input/input-58.tsx[39m 1ms (unchanged) (cached)
registry/default/components/input/input-59.tsx[2K[1G[90mregistry/default/components/input/input-59.tsx[39m 1ms (unchanged) (cached)
registry/default/components/label/label-demo.tsx[2K[1G[90mregistry/default/components/label/label-demo.tsx[39m 1ms (unchanged) (cached)
registry/default/components/navbar-components/app-toggle.tsx[2K[1G[90mregistry/default/components/navbar-components/app-toggle.tsx[39m 1ms (unchanged) (cached)
registry/default/components/navbar-components/date-picker.tsx[2K[1Gregistry/default/components/navbar-components/date-picker.tsx 12ms
registry/default/components/navbar-components/filters.tsx[2K[1G[90mregistry/default/components/navbar-components/filters.tsx[39m 1ms (unchanged) (cached)
registry/default/components/navbar-components/info-menu.tsx[2K[1G[90mregistry/default/components/navbar-components/info-menu.tsx[39m 1ms (unchanged) (cached)
registry/default/components/navbar-components/logo.tsx[2K[1G[90mregistry/default/components/navbar-components/logo.tsx[39m 1ms (unchanged) (cached)
registry/default/components/navbar-components/notification-menu.tsx[2K[1G[90mregistry/default/components/navbar-components/notification-menu.tsx[39m 1ms (unchanged) (cached)
registry/default/components/navbar-components/settings-menu.tsx[2K[1G[90mregistry/default/components/navbar-components/settings-menu.tsx[39m 1ms (unchanged) (cached)
registry/default/components/navbar-components/team-switcher.tsx[2K[1G[90mregistry/default/components/navbar-components/team-switcher.tsx[39m 1ms (unchanged) (cached)
registry/default/components/navbar-components/theme-toggle.tsx[2K[1G[90mregistry/default/components/navbar-components/theme-toggle.tsx[39m 1ms (unchanged) (cached)
registry/default/components/navbar-components/user-menu.tsx[2K[1G[90mregistry/default/components/navbar-components/user-menu.tsx[39m 1ms (unchanged) (cached)
registry/default/components/navbar/navbar-01.tsx[2K[1G[90mregistry/default/components/navbar/navbar-01.tsx[39m 4ms (unchanged) (cached)
registry/default/components/navbar/navbar-02.tsx[2K[1G[90mregistry/default/components/navbar/navbar-02.tsx[39m 8ms (unchanged) (cached)
registry/default/components/navbar/navbar-03.tsx[2K[1G[90mregistry/default/components/navbar/navbar-03.tsx[39m 1ms (unchanged) (cached)
registry/default/components/navbar/navbar-04.tsx[2K[1G[90mregistry/default/components/navbar/navbar-04.tsx[39m 5ms (unchanged) (cached)
registry/default/components/navbar/navbar-05.tsx[2K[1G[90mregistry/default/components/navbar/navbar-05.tsx[39m 1ms (unchanged) (cached)
registry/default/components/navbar/navbar-06.tsx[2K[1G[90mregistry/default/components/navbar/navbar-06.tsx[39m 5ms (unchanged) (cached)
registry/default/components/navbar/navbar-07.tsx[2K[1G[90mregistry/default/components/navbar/navbar-07.tsx[39m 3ms (unchanged) (cached)
registry/default/components/navbar/navbar-08.tsx[2K[1G[90mregistry/default/components/navbar/navbar-08.tsx[39m 1ms (unchanged) (cached)
registry/default/components/navbar/navbar-09.tsx[2K[1G[90mregistry/default/components/navbar/navbar-09.tsx[39m 14ms (unchanged) (cached)
registry/default/components/navbar/navbar-10.tsx[2K[1G[90mregistry/default/components/navbar/navbar-10.tsx[39m 3ms (unchanged) (cached)
registry/default/components/navbar/navbar-11.tsx[2K[1G[90mregistry/default/components/navbar/navbar-11.tsx[39m 2ms (unchanged) (cached)
registry/default/components/navbar/navbar-12.tsx[2K[1G[90mregistry/default/components/navbar/navbar-12.tsx[39m 7ms (unchanged) (cached)
registry/default/components/navbar/navbar-13.tsx[2K[1G[90mregistry/default/components/navbar/navbar-13.tsx[39m 16ms (unchanged) (cached)
registry/default/components/navbar/navbar-14.tsx[2K[1G[90mregistry/default/components/navbar/navbar-14.tsx[39m 1ms (unchanged) (cached)
registry/default/components/navbar/navbar-15.tsx[2K[1G[90mregistry/default/components/navbar/navbar-15.tsx[39m 1ms (unchanged) (cached)
registry/default/components/navbar/navbar-16.tsx[2K[1G[90mregistry/default/components/navbar/navbar-16.tsx[39m 2ms (unchanged) (cached)
registry/default/components/navbar/navbar-17.tsx[2K[1G[90mregistry/default/components/navbar/navbar-17.tsx[39m 1ms (unchanged) (cached)
registry/default/components/navbar/navbar-18.tsx[2K[1G[90mregistry/default/components/navbar/navbar-18.tsx[39m 2ms (unchanged) (cached)
registry/default/components/navbar/navbar-19.tsx[2K[1G[90mregistry/default/components/navbar/navbar-19.tsx[39m 1ms (unchanged) (cached)
registry/default/components/navbar/navbar-20.tsx[2K[1G[90mregistry/default/components/navbar/navbar-20.tsx[39m 7ms (unchanged) (cached)
registry/default/components/navigation-menu/navigation-menu-demo.tsx[2K[1G[90mregistry/default/components/navigation-menu/navigation-menu-demo.tsx[39m 1ms (unchanged) (cached)
registry/default/components/notification/notification-01.tsx[2K[1G[90mregistry/default/components/notification/notification-01.tsx[39m 2ms (unchanged) (cached)
registry/default/components/notification/notification-02.tsx[2K[1G[90mregistry/default/components/notification/notification-02.tsx[39m 8ms (unchanged) (cached)
registry/default/components/notification/notification-03.tsx[2K[1G[90mregistry/default/components/notification/notification-03.tsx[39m 1ms (unchanged) (cached)
registry/default/components/notification/notification-04.tsx[2K[1G[90mregistry/default/components/notification/notification-04.tsx[39m 2ms (unchanged) (cached)
registry/default/components/notification/notification-05.tsx[2K[1G[90mregistry/default/components/notification/notification-05.tsx[39m 7ms (unchanged) (cached)
registry/default/components/notification/notification-06.tsx[2K[1G[90mregistry/default/components/notification/notification-06.tsx[39m 3ms (unchanged) (cached)
registry/default/components/notification/notification-07.tsx[2K[1G[90mregistry/default/components/notification/notification-07.tsx[39m 1ms (unchanged) (cached)
registry/default/components/notification/notification-08.tsx[2K[1G[90mregistry/default/components/notification/notification-08.tsx[39m 3ms (unchanged) (cached)
registry/default/components/notification/notification-09.tsx[2K[1G[90mregistry/default/components/notification/notification-09.tsx[39m 1ms (unchanged) (cached)
registry/default/components/notification/notification-10.tsx[2K[1G[90mregistry/default/components/notification/notification-10.tsx[39m 1ms (unchanged) (cached)
registry/default/components/notification/notification-11.tsx[2K[1G[90mregistry/default/components/notification/notification-11.tsx[39m 1ms (unchanged) (cached)
registry/default/components/notification/notification-12.tsx[2K[1G[90mregistry/default/components/notification/notification-12.tsx[39m 2ms (unchanged) (cached)
registry/default/components/notification/notification-13.tsx[2K[1G[90mregistry/default/components/notification/notification-13.tsx[39m 1ms (unchanged) (cached)
registry/default/components/notification/notification-14.tsx[2K[1G[90mregistry/default/components/notification/notification-14.tsx[39m 1ms (unchanged) (cached)
registry/default/components/notification/notification-15.tsx[2K[1G[90mregistry/default/components/notification/notification-15.tsx[39m 1ms (unchanged) (cached)
registry/default/components/notification/notification-16.tsx[2K[1G[90mregistry/default/components/notification/notification-16.tsx[39m 1ms (unchanged) (cached)
registry/default/components/notification/notification-17.tsx[2K[1G[90mregistry/default/components/notification/notification-17.tsx[39m 1ms (unchanged) (cached)
registry/default/components/notification/notification-18.tsx[2K[1G[90mregistry/default/components/notification/notification-18.tsx[39m 0ms (unchanged) (cached)
registry/default/components/notification/notification-19.tsx[2K[1G[90mregistry/default/components/notification/notification-19.tsx[39m 1ms (unchanged) (cached)
registry/default/components/notification/notification-20.tsx[2K[1G[90mregistry/default/components/notification/notification-20.tsx[39m 0ms (unchanged) (cached)
registry/default/components/notification/notification-21.tsx[2K[1G[90mregistry/default/components/notification/notification-21.tsx[39m 1ms (unchanged) (cached)
registry/default/components/notification/notification-22.tsx[2K[1G[90mregistry/default/components/notification/notification-22.tsx[39m 1ms (unchanged) (cached)
registry/default/components/pagination/pagination-01.tsx[2K[1G[90mregistry/default/components/pagination/pagination-01.tsx[39m 1ms (unchanged) (cached)
registry/default/components/pagination/pagination-02.tsx[2K[1G[90mregistry/default/components/pagination/pagination-02.tsx[39m 1ms (unchanged) (cached)
registry/default/components/pagination/pagination-03.tsx[2K[1G[90mregistry/default/components/pagination/pagination-03.tsx[39m 1ms (unchanged) (cached)
registry/default/components/pagination/pagination-04.tsx[2K[1G[90mregistry/default/components/pagination/pagination-04.tsx[39m 1ms (unchanged) (cached)
registry/default/components/pagination/pagination-05.tsx[2K[1G[90mregistry/default/components/pagination/pagination-05.tsx[39m 1ms (unchanged) (cached)
registry/default/components/pagination/pagination-06.tsx[2K[1G[90mregistry/default/components/pagination/pagination-06.tsx[39m 1ms (unchanged) (cached)
registry/default/components/pagination/pagination-07.tsx[2K[1G[90mregistry/default/components/pagination/pagination-07.tsx[39m 1ms (unchanged) (cached)
registry/default/components/pagination/pagination-08.tsx[2K[1G[90mregistry/default/components/pagination/pagination-08.tsx[39m 1ms (unchanged) (cached)
registry/default/components/pagination/pagination-09.tsx[2K[1G[90mregistry/default/components/pagination/pagination-09.tsx[39m 0ms (unchanged) (cached)
registry/default/components/pagination/pagination-10.tsx[2K[1G[90mregistry/default/components/pagination/pagination-10.tsx[39m 1ms (unchanged) (cached)
registry/default/components/pagination/pagination-11.tsx[2K[1G[90mregistry/default/components/pagination/pagination-11.tsx[39m 1ms (unchanged) (cached)
registry/default/components/pagination/pagination-12.tsx[2K[1G[90mregistry/default/components/pagination/pagination-12.tsx[39m 1ms (unchanged) (cached)
registry/default/components/popover/popover-01.tsx[2K[1G[90mregistry/default/components/popover/popover-01.tsx[39m 1ms (unchanged) (cached)
registry/default/components/popover/popover-02.tsx[2K[1G[90mregistry/default/components/popover/popover-02.tsx[39m 1ms (unchanged) (cached)
registry/default/components/popover/popover-03.tsx[2K[1G[90mregistry/default/components/popover/popover-03.tsx[39m 1ms (unchanged) (cached)
registry/default/components/popover/popover-04.tsx[2K[1G[90mregistry/default/components/popover/popover-04.tsx[39m 1ms (unchanged) (cached)
registry/default/components/popover/popover-05.tsx[2K[1G[90mregistry/default/components/popover/popover-05.tsx[39m 1ms (unchanged) (cached)
registry/default/components/popover/popover-06.tsx[2K[1G[90mregistry/default/components/popover/popover-06.tsx[39m 1ms (unchanged) (cached)
registry/default/components/popover/popover-07.tsx[2K[1G[90mregistry/default/components/popover/popover-07.tsx[39m 1ms (unchanged) (cached)
registry/default/components/popover/popover-08.tsx[2K[1G[90mregistry/default/components/popover/popover-08.tsx[39m 1ms (unchanged) (cached)
registry/default/components/popover/popover-09.tsx[2K[1G[90mregistry/default/components/popover/popover-09.tsx[39m 1ms (unchanged) (cached)
registry/default/components/progress/progress-demo.tsx[2K[1G[90mregistry/default/components/progress/progress-demo.tsx[39m 2ms (unchanged) (cached)
registry/default/components/radio/radio-01.tsx[2K[1G[90mregistry/default/components/radio/radio-01.tsx[39m 1ms (unchanged) (cached)
registry/default/components/radio/radio-02.tsx[2K[1G[90mregistry/default/components/radio/radio-02.tsx[39m 2ms (unchanged) (cached)
registry/default/components/radio/radio-03.tsx[2K[1G[90mregistry/default/components/radio/radio-03.tsx[39m 1ms (unchanged) (cached)
registry/default/components/radio/radio-04.tsx[2K[1G[90mregistry/default/components/radio/radio-04.tsx[39m 1ms (unchanged) (cached)
registry/default/components/radio/radio-05.tsx[2K[1G[90mregistry/default/components/radio/radio-05.tsx[39m 1ms (unchanged) (cached)
registry/default/components/radio/radio-06.tsx[2K[1G[90mregistry/default/components/radio/radio-06.tsx[39m 1ms (unchanged) (cached)
registry/default/components/radio/radio-07.tsx[2K[1G[90mregistry/default/components/radio/radio-07.tsx[39m 1ms (unchanged) (cached)
registry/default/components/radio/radio-08.tsx[2K[1G[90mregistry/default/components/radio/radio-08.tsx[39m 1ms (unchanged) (cached)
registry/default/components/radio/radio-09.tsx[2K[1G[90mregistry/default/components/radio/radio-09.tsx[39m 1ms (unchanged) (cached)
registry/default/components/radio/radio-10.tsx[2K[1G[90mregistry/default/components/radio/radio-10.tsx[39m 1ms (unchanged) (cached)
registry/default/components/radio/radio-11.tsx[2K[1G[90mregistry/default/components/radio/radio-11.tsx[39m 1ms (unchanged) (cached)
registry/default/components/radio/radio-12.tsx[2K[1G[90mregistry/default/components/radio/radio-12.tsx[39m 1ms (unchanged) (cached)
registry/default/components/radio/radio-13.tsx[2K[1G[90mregistry/default/components/radio/radio-13.tsx[39m 0ms (unchanged) (cached)
registry/default/components/radio/radio-14.tsx[2K[1G[90mregistry/default/components/radio/radio-14.tsx[39m 0ms (unchanged) (cached)
registry/default/components/radio/radio-15.tsx[2K[1G[90mregistry/default/components/radio/radio-15.tsx[39m 1ms (unchanged) (cached)
registry/default/components/radio/radio-16.tsx[2K[1G[90mregistry/default/components/radio/radio-16.tsx[39m 1ms (unchanged) (cached)
registry/default/components/radio/radio-17.tsx[2K[1G[90mregistry/default/components/radio/radio-17.tsx[39m 1ms (unchanged) (cached)
registry/default/components/radio/radio-18.tsx[2K[1G[90mregistry/default/components/radio/radio-18.tsx[39m 0ms (unchanged) (cached)
registry/default/components/radio/radio-19.tsx[2K[1G[90mregistry/default/components/radio/radio-19.tsx[39m 1ms (unchanged) (cached)
registry/default/components/radio/radio-20.tsx[2K[1G[90mregistry/default/components/radio/radio-20.tsx[39m 1ms (unchanged) (cached)
registry/default/components/scroll-area/scroll-area-demo.tsx[2K[1G[90mregistry/default/components/scroll-area/scroll-area-demo.tsx[39m 1ms (unchanged) (cached)
registry/default/components/select/select-01.tsx[2K[1G[90mregistry/default/components/select/select-01.tsx[39m 1ms (unchanged) (cached)
registry/default/components/select/select-02.tsx[2K[1G[90mregistry/default/components/select/select-02.tsx[39m 1ms (unchanged) (cached)
registry/default/components/select/select-03.tsx[2K[1G[90mregistry/default/components/select/select-03.tsx[39m 1ms (unchanged) (cached)
registry/default/components/select/select-04.tsx[2K[1G[90mregistry/default/components/select/select-04.tsx[39m 1ms (unchanged) (cached)
registry/default/components/select/select-05.tsx[2K[1G[90mregistry/default/components/select/select-05.tsx[39m 0ms (unchanged) (cached)
registry/default/components/select/select-06.tsx[2K[1G[90mregistry/default/components/select/select-06.tsx[39m 1ms (unchanged) (cached)
registry/default/components/select/select-07.tsx[2K[1G[90mregistry/default/components/select/select-07.tsx[39m 1ms (unchanged) (cached)
registry/default/components/select/select-08.tsx[2K[1G[90mregistry/default/components/select/select-08.tsx[39m 0ms (unchanged) (cached)
registry/default/components/select/select-09.tsx[2K[1G[90mregistry/default/components/select/select-09.tsx[39m 1ms (unchanged) (cached)
registry/default/components/select/select-10.tsx[2K[1G[90mregistry/default/components/select/select-10.tsx[39m 1ms (unchanged) (cached)
registry/default/components/select/select-11.tsx[2K[1G[90mregistry/default/components/select/select-11.tsx[39m 1ms (unchanged) (cached)
registry/default/components/select/select-12.tsx[2K[1G[90mregistry/default/components/select/select-12.tsx[39m 2ms (unchanged) (cached)
registry/default/components/select/select-13.tsx[2K[1G[90mregistry/default/components/select/select-13.tsx[39m 1ms (unchanged) (cached)
registry/default/components/select/select-14.tsx[2K[1G[90mregistry/default/components/select/select-14.tsx[39m 1ms (unchanged) (cached)
registry/default/components/select/select-15.tsx[2K[1G[90mregistry/default/components/select/select-15.tsx[39m 1ms (unchanged) (cached)
registry/default/components/select/select-16.tsx[2K[1G[90mregistry/default/components/select/select-16.tsx[39m 3ms (unchanged) (cached)
registry/default/components/select/select-17.tsx[2K[1G[90mregistry/default/components/select/select-17.tsx[39m 1ms (unchanged) (cached)
registry/default/components/select/select-18.tsx[2K[1G[90mregistry/default/components/select/select-18.tsx[39m 1ms (unchanged) (cached)
registry/default/components/select/select-19.tsx[2K[1G[90mregistry/default/components/select/select-19.tsx[39m 3ms (unchanged) (cached)
registry/default/components/select/select-20.tsx[2K[1G[90mregistry/default/components/select/select-20.tsx[39m 1ms (unchanged) (cached)
registry/default/components/select/select-21.tsx[2K[1G[90mregistry/default/components/select/select-21.tsx[39m 2ms (unchanged) (cached)
registry/default/components/select/select-22.tsx[2K[1G[90mregistry/default/components/select/select-22.tsx[39m 2ms (unchanged) (cached)
registry/default/components/select/select-23.tsx[2K[1G[90mregistry/default/components/select/select-23.tsx[39m 1ms (unchanged) (cached)
registry/default/components/select/select-24.tsx[2K[1G[90mregistry/default/components/select/select-24.tsx[39m 1ms (unchanged) (cached)
registry/default/components/select/select-25.tsx[2K[1G[90mregistry/default/components/select/select-25.tsx[39m 1ms (unchanged) (cached)
registry/default/components/select/select-26.tsx[2K[1G[90mregistry/default/components/select/select-26.tsx[39m 2ms (unchanged) (cached)
registry/default/components/select/select-27.tsx[2K[1G[90mregistry/default/components/select/select-27.tsx[39m 1ms (unchanged) (cached)
registry/default/components/select/select-28.tsx[2K[1G[90mregistry/default/components/select/select-28.tsx[39m 1ms (unchanged) (cached)
registry/default/components/select/select-29.tsx[2K[1G[90mregistry/default/components/select/select-29.tsx[39m 1ms (unchanged) (cached)
registry/default/components/select/select-30.tsx[2K[1G[90mregistry/default/components/select/select-30.tsx[39m 1ms (unchanged) (cached)
registry/default/components/select/select-31.tsx[2K[1G[90mregistry/default/components/select/select-31.tsx[39m 1ms (unchanged) (cached)
registry/default/components/select/select-32.tsx[2K[1G[90mregistry/default/components/select/select-32.tsx[39m 0ms (unchanged) (cached)
registry/default/components/select/select-33.tsx[2K[1G[90mregistry/default/components/select/select-33.tsx[39m 1ms (unchanged) (cached)
registry/default/components/select/select-34.tsx[2K[1G[90mregistry/default/components/select/select-34.tsx[39m 0ms (unchanged) (cached)
registry/default/components/select/select-35.tsx[2K[1G[90mregistry/default/components/select/select-35.tsx[39m 0ms (unchanged) (cached)
registry/default/components/select/select-36.tsx[2K[1G[90mregistry/default/components/select/select-36.tsx[39m 1ms (unchanged) (cached)
registry/default/components/select/select-37.tsx[2K[1G[90mregistry/default/components/select/select-37.tsx[39m 0ms (unchanged) (cached)
registry/default/components/select/select-38.tsx[2K[1G[90mregistry/default/components/select/select-38.tsx[39m 0ms (unchanged) (cached)
registry/default/components/select/select-39.tsx[2K[1G[90mregistry/default/components/select/select-39.tsx[39m 1ms (unchanged) (cached)
registry/default/components/select/select-40.tsx[2K[1G[90mregistry/default/components/select/select-40.tsx[39m 0ms (unchanged) (cached)
registry/default/components/select/select-41.tsx[2K[1G[90mregistry/default/components/select/select-41.tsx[39m 0ms (unchanged) (cached)
registry/default/components/select/select-42.tsx[2K[1G[90mregistry/default/components/select/select-42.tsx[39m 1ms (unchanged) (cached)
registry/default/components/select/select-43.tsx[2K[1G[90mregistry/default/components/select/select-43.tsx[39m 1ms (unchanged) (cached)
registry/default/components/select/select-44.tsx[2K[1G[90mregistry/default/components/select/select-44.tsx[39m 1ms (unchanged) (cached)
registry/default/components/select/select-45.tsx[2K[1G[90mregistry/default/components/select/select-45.tsx[39m 1ms (unchanged) (cached)
registry/default/components/select/select-46.tsx[2K[1G[90mregistry/default/components/select/select-46.tsx[39m 0ms (unchanged) (cached)
registry/default/components/select/select-47.tsx[2K[1G[90mregistry/default/components/select/select-47.tsx[39m 0ms (unchanged) (cached)
registry/default/components/select/select-48.tsx[2K[1G[90mregistry/default/components/select/select-48.tsx[39m 1ms (unchanged) (cached)
registry/default/components/select/select-49.tsx[2K[1G[90mregistry/default/components/select/select-49.tsx[39m 1ms (unchanged) (cached)
registry/default/components/select/select-50.tsx[2K[1G[90mregistry/default/components/select/select-50.tsx[39m 1ms (unchanged) (cached)
registry/default/components/select/select-51.tsx[2K[1G[90mregistry/default/components/select/select-51.tsx[39m 1ms (unchanged) (cached)
registry/default/components/separator/separator-demo.tsx[2K[1G[90mregistry/default/components/separator/separator-demo.tsx[39m 1ms (unchanged) (cached)
registry/default/components/sheet/sheet-demo.tsx[2K[1G[90mregistry/default/components/sheet/sheet-demo.tsx[39m 1ms (unchanged) (cached)
registry/default/components/slider/slider-01.tsx[2K[1G[90mregistry/default/components/slider/slider-01.tsx[39m 1ms (unchanged) (cached)
registry/default/components/slider/slider-02.tsx[2K[1G[90mregistry/default/components/slider/slider-02.tsx[39m 1ms (unchanged) (cached)
registry/default/components/slider/slider-03.tsx[2K[1G[90mregistry/default/components/slider/slider-03.tsx[39m 1ms (unchanged) (cached)
registry/default/components/slider/slider-04.tsx[2K[1G[90mregistry/default/components/slider/slider-04.tsx[39m 0ms (unchanged) (cached)
registry/default/components/slider/slider-05.tsx[2K[1G[90mregistry/default/components/slider/slider-05.tsx[39m 4ms (unchanged) (cached)
registry/default/components/slider/slider-06.tsx[2K[1G[90mregistry/default/components/slider/slider-06.tsx[39m 1ms (unchanged) (cached)
registry/default/components/slider/slider-07.tsx[2K[1G[90mregistry/default/components/slider/slider-07.tsx[39m 1ms (unchanged) (cached)
registry/default/components/slider/slider-08.tsx[2K[1G[90mregistry/default/components/slider/slider-08.tsx[39m 1ms (unchanged) (cached)
registry/default/components/slider/slider-09.tsx[2K[1G[90mregistry/default/components/slider/slider-09.tsx[39m 2ms (unchanged) (cached)
registry/default/components/slider/slider-10.tsx[2K[1G[90mregistry/default/components/slider/slider-10.tsx[39m 1ms (unchanged) (cached)
registry/default/components/slider/slider-11.tsx[2K[1G[90mregistry/default/components/slider/slider-11.tsx[39m 1ms (unchanged) (cached)
registry/default/components/slider/slider-12.tsx[2K[1G[90mregistry/default/components/slider/slider-12.tsx[39m 2ms (unchanged) (cached)
registry/default/components/slider/slider-13.tsx[2K[1G[90mregistry/default/components/slider/slider-13.tsx[39m 1ms (unchanged) (cached)
registry/default/components/slider/slider-14.tsx[2K[1G[90mregistry/default/components/slider/slider-14.tsx[39m 1ms (unchanged) (cached)
registry/default/components/slider/slider-15.tsx[2K[1G[90mregistry/default/components/slider/slider-15.tsx[39m 2ms (unchanged) (cached)
registry/default/components/slider/slider-16.tsx[2K[1G[90mregistry/default/components/slider/slider-16.tsx[39m 1ms (unchanged) (cached)
registry/default/components/slider/slider-17.tsx[2K[1G[90mregistry/default/components/slider/slider-17.tsx[39m 1ms (unchanged) (cached)
registry/default/components/slider/slider-18.tsx[2K[1G[90mregistry/default/components/slider/slider-18.tsx[39m 1ms (unchanged) (cached)
registry/default/components/slider/slider-19.tsx[2K[1G[90mregistry/default/components/slider/slider-19.tsx[39m 1ms (unchanged) (cached)
registry/default/components/slider/slider-20.tsx[2K[1G[90mregistry/default/components/slider/slider-20.tsx[39m 1ms (unchanged) (cached)
registry/default/components/slider/slider-21.tsx[2K[1G[90mregistry/default/components/slider/slider-21.tsx[39m 1ms (unchanged) (cached)
registry/default/components/slider/slider-22.tsx[2K[1G[90mregistry/default/components/slider/slider-22.tsx[39m 1ms (unchanged) (cached)
registry/default/components/slider/slider-23.tsx[2K[1G[90mregistry/default/components/slider/slider-23.tsx[39m 1ms (unchanged) (cached)
registry/default/components/slider/slider-24.tsx[2K[1G[90mregistry/default/components/slider/slider-24.tsx[39m 1ms (unchanged) (cached)
registry/default/components/slider/slider-25.tsx[2K[1G[90mregistry/default/components/slider/slider-25.tsx[39m 1ms (unchanged) (cached)
registry/default/components/slider/slider-26.tsx[2K[1G[90mregistry/default/components/slider/slider-26.tsx[39m 1ms (unchanged) (cached)
registry/default/components/slider/slider-27.tsx[2K[1G[90mregistry/default/components/slider/slider-27.tsx[39m 1ms (unchanged) (cached)
registry/default/components/stepper/stepper-01.tsx[2K[1G[90mregistry/default/components/stepper/stepper-01.tsx[39m 2ms (unchanged) (cached)
registry/default/components/stepper/stepper-02.tsx[2K[1G[90mregistry/default/components/stepper/stepper-02.tsx[39m 1ms (unchanged) (cached)
registry/default/components/stepper/stepper-03.tsx[2K[1G[90mregistry/default/components/stepper/stepper-03.tsx[39m 1ms (unchanged) (cached)
registry/default/components/stepper/stepper-04.tsx[2K[1G[90mregistry/default/components/stepper/stepper-04.tsx[39m 1ms (unchanged) (cached)
registry/default/components/stepper/stepper-05.tsx[2K[1G[90mregistry/default/components/stepper/stepper-05.tsx[39m 1ms (unchanged) (cached)
registry/default/components/stepper/stepper-06.tsx[2K[1G[90mregistry/default/components/stepper/stepper-06.tsx[39m 1ms (unchanged) (cached)
registry/default/components/stepper/stepper-07.tsx[2K[1G[90mregistry/default/components/stepper/stepper-07.tsx[39m 1ms (unchanged) (cached)
registry/default/components/stepper/stepper-08.tsx[2K[1G[90mregistry/default/components/stepper/stepper-08.tsx[39m 1ms (unchanged) (cached)
registry/default/components/stepper/stepper-09.tsx[2K[1G[90mregistry/default/components/stepper/stepper-09.tsx[39m 1ms (unchanged) (cached)
registry/default/components/stepper/stepper-10.tsx[2K[1G[90mregistry/default/components/stepper/stepper-10.tsx[39m 1ms (unchanged) (cached)
registry/default/components/stepper/stepper-11.tsx[2K[1G[90mregistry/default/components/stepper/stepper-11.tsx[39m 1ms (unchanged) (cached)
registry/default/components/stepper/stepper-12.tsx[2K[1G[90mregistry/default/components/stepper/stepper-12.tsx[39m 1ms (unchanged) (cached)
registry/default/components/stepper/stepper-13.tsx[2K[1G[90mregistry/default/components/stepper/stepper-13.tsx[39m 1ms (unchanged) (cached)
registry/default/components/stepper/stepper-14.tsx[2K[1G[90mregistry/default/components/stepper/stepper-14.tsx[39m 1ms (unchanged) (cached)
registry/default/components/stepper/stepper-15.tsx[2K[1G[90mregistry/default/components/stepper/stepper-15.tsx[39m 1ms (unchanged) (cached)
registry/default/components/stepper/stepper-16.tsx[2K[1G[90mregistry/default/components/stepper/stepper-16.tsx[39m 1ms (unchanged) (cached)
registry/default/components/stepper/stepper-17.tsx[2K[1G[90mregistry/default/components/stepper/stepper-17.tsx[39m 1ms (unchanged) (cached)
registry/default/components/switch/switch-01.tsx[2K[1G[90mregistry/default/components/switch/switch-01.tsx[39m 1ms (unchanged) (cached)
registry/default/components/switch/switch-02.tsx[2K[1G[90mregistry/default/components/switch/switch-02.tsx[39m 1ms (unchanged) (cached)
registry/default/components/switch/switch-03.tsx[2K[1G[90mregistry/default/components/switch/switch-03.tsx[39m 1ms (unchanged) (cached)
registry/default/components/switch/switch-04.tsx[2K[1G[90mregistry/default/components/switch/switch-04.tsx[39m 1ms (unchanged) (cached)
registry/default/components/switch/switch-05.tsx[2K[1G[90mregistry/default/components/switch/switch-05.tsx[39m 1ms (unchanged) (cached)
registry/default/components/switch/switch-06.tsx[2K[1G[90mregistry/default/components/switch/switch-06.tsx[39m 1ms (unchanged) (cached)
registry/default/components/switch/switch-07.tsx[2K[1G[90mregistry/default/components/switch/switch-07.tsx[39m 0ms (unchanged) (cached)
registry/default/components/switch/switch-08.tsx[2K[1G[90mregistry/default/components/switch/switch-08.tsx[39m 2ms (unchanged) (cached)
registry/default/components/switch/switch-09.tsx[2K[1G[90mregistry/default/components/switch/switch-09.tsx[39m 3ms (unchanged) (cached)
registry/default/components/switch/switch-10.tsx[2K[1G[90mregistry/default/components/switch/switch-10.tsx[39m 2ms (unchanged) (cached)
registry/default/components/switch/switch-11.tsx[2K[1G[90mregistry/default/components/switch/switch-11.tsx[39m 2ms (unchanged) (cached)
registry/default/components/switch/switch-12.tsx[2K[1G[90mregistry/default/components/switch/switch-12.tsx[39m 2ms (unchanged) (cached)
registry/default/components/switch/switch-13.tsx[2K[1G[90mregistry/default/components/switch/switch-13.tsx[39m 2ms (unchanged) (cached)
registry/default/components/switch/switch-14.tsx[2K[1G[90mregistry/default/components/switch/switch-14.tsx[39m 14ms (unchanged) (cached)
registry/default/components/switch/switch-15.tsx[2K[1G[90mregistry/default/components/switch/switch-15.tsx[39m 1ms (unchanged) (cached)
registry/default/components/switch/switch-16.tsx[2K[1G[90mregistry/default/components/switch/switch-16.tsx[39m 1ms (unchanged) (cached)
registry/default/components/switch/switch-17.tsx[2K[1G[90mregistry/default/components/switch/switch-17.tsx[39m 1ms (unchanged) (cached)
registry/default/components/table/table-01.tsx[2K[1G[90mregistry/default/components/table/table-01.tsx[39m 4ms (unchanged) (cached)
registry/default/components/table/table-02.tsx[2K[1G[90mregistry/default/components/table/table-02.tsx[39m 2ms (unchanged) (cached)
registry/default/components/table/table-03.tsx[2K[1G[90mregistry/default/components/table/table-03.tsx[39m 108ms (unchanged) (cached)
registry/default/components/table/table-04.tsx[2K[1G[90mregistry/default/components/table/table-04.tsx[39m 1ms (unchanged) (cached)
registry/default/components/table/table-05.tsx[2K[1G[90mregistry/default/components/table/table-05.tsx[39m 2ms (unchanged) (cached)
registry/default/components/table/table-06.tsx[2K[1G[90mregistry/default/components/table/table-06.tsx[39m 2ms (unchanged) (cached)
registry/default/components/table/table-07.tsx[2K[1G[90mregistry/default/components/table/table-07.tsx[39m 2ms (unchanged) (cached)
registry/default/components/table/table-08.tsx[2K[1G[90mregistry/default/components/table/table-08.tsx[39m 4ms (unchanged) (cached)
registry/default/components/table/table-09.tsx[2K[1G[90mregistry/default/components/table/table-09.tsx[39m 2ms (unchanged) (cached)
registry/default/components/table/table-10.tsx[2K[1G[90mregistry/default/components/table/table-10.tsx[39m 1ms (unchanged) (cached)
registry/default/components/table/table-11.tsx[2K[1G[90mregistry/default/components/table/table-11.tsx[39m 2ms (unchanged) (cached)
registry/default/components/table/table-12.tsx[2K[1G[90mregistry/default/components/table/table-12.tsx[39m 3ms (unchanged) (cached)
registry/default/components/table/table-13.tsx[2K[1G[90mregistry/default/components/table/table-13.tsx[39m 1ms (unchanged) (cached)
registry/default/components/table/table-14.tsx[2K[1G[90mregistry/default/components/table/table-14.tsx[39m 2ms (unchanged) (cached)
registry/default/components/table/table-15.tsx[2K[1G[90mregistry/default/components/table/table-15.tsx[39m 40ms (unchanged) (cached)
registry/default/components/table/table-16.tsx[2K[1G[90mregistry/default/components/table/table-16.tsx[39m 3ms (unchanged) (cached)
registry/default/components/table/table-17.tsx[2K[1G[90mregistry/default/components/table/table-17.tsx[39m 1ms (unchanged) (cached)
registry/default/components/table/table-18.tsx[2K[1G[90mregistry/default/components/table/table-18.tsx[39m 2ms (unchanged) (cached)
registry/default/components/table/table-19.tsx[2K[1G[90mregistry/default/components/table/table-19.tsx[39m 1ms (unchanged) (cached)
registry/default/components/table/table-20.tsx[2K[1G[90mregistry/default/components/table/table-20.tsx[39m 2ms (unchanged) (cached)
registry/default/components/tabs/tabs-01.tsx[2K[1G[90mregistry/default/components/tabs/tabs-01.tsx[39m 2ms (unchanged) (cached)
registry/default/components/tabs/tabs-02.tsx[2K[1G[90mregistry/default/components/tabs/tabs-02.tsx[39m 2ms (unchanged) (cached)
registry/default/components/tabs/tabs-03.tsx[2K[1G[90mregistry/default/components/tabs/tabs-03.tsx[39m 3ms (unchanged) (cached)
registry/default/components/tabs/tabs-04.tsx[2K[1G[90mregistry/default/components/tabs/tabs-04.tsx[39m 1ms (unchanged) (cached)
registry/default/components/tabs/tabs-05.tsx[2K[1G[90mregistry/default/components/tabs/tabs-05.tsx[39m 1ms (unchanged) (cached)
registry/default/components/tabs/tabs-06.tsx[2K[1G[90mregistry/default/components/tabs/tabs-06.tsx[39m 2ms (unchanged) (cached)
registry/default/components/tabs/tabs-07.tsx[2K[1G[90mregistry/default/components/tabs/tabs-07.tsx[39m 1ms (unchanged) (cached)
registry/default/components/tabs/tabs-08.tsx[2K[1G[90mregistry/default/components/tabs/tabs-08.tsx[39m 4ms (unchanged) (cached)
registry/default/components/tabs/tabs-09.tsx[2K[1G[90mregistry/default/components/tabs/tabs-09.tsx[39m 2ms (unchanged) (cached)
registry/default/components/tabs/tabs-10.tsx[2K[1G[90mregistry/default/components/tabs/tabs-10.tsx[39m 3ms (unchanged) (cached)
registry/default/components/tabs/tabs-11.tsx[2K[1G[90mregistry/default/components/tabs/tabs-11.tsx[39m 1ms (unchanged) (cached)
registry/default/components/tabs/tabs-12.tsx[2K[1G[90mregistry/default/components/tabs/tabs-12.tsx[39m 1ms (unchanged) (cached)
registry/default/components/tabs/tabs-13.tsx[2K[1G[90mregistry/default/components/tabs/tabs-13.tsx[39m 1ms (unchanged) (cached)
registry/default/components/tabs/tabs-14.tsx[2K[1G[90mregistry/default/components/tabs/tabs-14.tsx[39m 1ms (unchanged) (cached)
registry/default/components/tabs/tabs-15.tsx[2K[1G[90mregistry/default/components/tabs/tabs-15.tsx[39m 1ms (unchanged) (cached)
registry/default/components/tabs/tabs-16.tsx[2K[1G[90mregistry/default/components/tabs/tabs-16.tsx[39m 1ms (unchanged) (cached)
registry/default/components/tabs/tabs-17.tsx[2K[1G[90mregistry/default/components/tabs/tabs-17.tsx[39m 1ms (unchanged) (cached)
registry/default/components/tabs/tabs-18.tsx[2K[1G[90mregistry/default/components/tabs/tabs-18.tsx[39m 1ms (unchanged) (cached)
registry/default/components/tabs/tabs-19.tsx[2K[1G[90mregistry/default/components/tabs/tabs-19.tsx[39m 1ms (unchanged) (cached)
registry/default/components/tabs/tabs-20.tsx[2K[1G[90mregistry/default/components/tabs/tabs-20.tsx[39m 1ms (unchanged) (cached)
registry/default/components/textarea/textarea-01.tsx[2K[1G[90mregistry/default/components/textarea/textarea-01.tsx[39m 1ms (unchanged) (cached)
registry/default/components/textarea/textarea-02.tsx[2K[1G[90mregistry/default/components/textarea/textarea-02.tsx[39m 1ms (unchanged) (cached)
registry/default/components/textarea/textarea-03.tsx[2K[1G[90mregistry/default/components/textarea/textarea-03.tsx[39m 1ms (unchanged) (cached)
registry/default/components/textarea/textarea-04.tsx[2K[1G[90mregistry/default/components/textarea/textarea-04.tsx[39m 0ms (unchanged) (cached)
registry/default/components/textarea/textarea-05.tsx[2K[1G[90mregistry/default/components/textarea/textarea-05.tsx[39m 1ms (unchanged) (cached)
registry/default/components/textarea/textarea-06.tsx[2K[1G[90mregistry/default/components/textarea/textarea-06.tsx[39m 1ms (unchanged) (cached)
registry/default/components/textarea/textarea-07.tsx[2K[1G[90mregistry/default/components/textarea/textarea-07.tsx[39m 1ms (unchanged) (cached)
registry/default/components/textarea/textarea-08.tsx[2K[1G[90mregistry/default/components/textarea/textarea-08.tsx[39m 0ms (unchanged) (cached)
registry/default/components/textarea/textarea-09.tsx[2K[1G[90mregistry/default/components/textarea/textarea-09.tsx[39m 1ms (unchanged) (cached)
registry/default/components/textarea/textarea-10.tsx[2K[1G[90mregistry/default/components/textarea/textarea-10.tsx[39m 0ms (unchanged) (cached)
registry/default/components/textarea/textarea-11.tsx[2K[1G[90mregistry/default/components/textarea/textarea-11.tsx[39m 0ms (unchanged) (cached)
registry/default/components/textarea/textarea-12.tsx[2K[1G[90mregistry/default/components/textarea/textarea-12.tsx[39m 1ms (unchanged) (cached)
registry/default/components/textarea/textarea-13.tsx[2K[1G[90mregistry/default/components/textarea/textarea-13.tsx[39m 1ms (unchanged) (cached)
registry/default/components/textarea/textarea-14.tsx[2K[1G[90mregistry/default/components/textarea/textarea-14.tsx[39m 0ms (unchanged) (cached)
registry/default/components/textarea/textarea-15.tsx[2K[1G[90mregistry/default/components/textarea/textarea-15.tsx[39m 1ms (unchanged) (cached)
registry/default/components/textarea/textarea-16.tsx[2K[1G[90mregistry/default/components/textarea/textarea-16.tsx[39m 1ms (unchanged) (cached)
registry/default/components/textarea/textarea-17.tsx[2K[1G[90mregistry/default/components/textarea/textarea-17.tsx[39m 0ms (unchanged) (cached)
registry/default/components/textarea/textarea-18.tsx[2K[1G[90mregistry/default/components/textarea/textarea-18.tsx[39m 1ms (unchanged) (cached)
registry/default/components/textarea/textarea-19.tsx[2K[1G[90mregistry/default/components/textarea/textarea-19.tsx[39m 1ms (unchanged) (cached)
registry/default/components/timeline/timeline-01.tsx[2K[1G[90mregistry/default/components/timeline/timeline-01.tsx[39m 0ms (unchanged) (cached)
registry/default/components/timeline/timeline-02.tsx[2K[1G[90mregistry/default/components/timeline/timeline-02.tsx[39m 1ms (unchanged) (cached)
registry/default/components/timeline/timeline-03.tsx[2K[1G[90mregistry/default/components/timeline/timeline-03.tsx[39m 0ms (unchanged) (cached)
registry/default/components/timeline/timeline-04.tsx[2K[1G[90mregistry/default/components/timeline/timeline-04.tsx[39m 0ms (unchanged) (cached)
registry/default/components/timeline/timeline-05.tsx[2K[1G[90mregistry/default/components/timeline/timeline-05.tsx[39m 1ms (unchanged) (cached)
registry/default/components/timeline/timeline-06.tsx[2K[1G[90mregistry/default/components/timeline/timeline-06.tsx[39m 2ms (unchanged) (cached)
registry/default/components/timeline/timeline-07.tsx[2K[1G[90mregistry/default/components/timeline/timeline-07.tsx[39m 1ms (unchanged) (cached)
registry/default/components/timeline/timeline-08.tsx[2K[1G[90mregistry/default/components/timeline/timeline-08.tsx[39m 0ms (unchanged) (cached)
registry/default/components/timeline/timeline-09.tsx[2K[1G[90mregistry/default/components/timeline/timeline-09.tsx[39m 0ms (unchanged) (cached)
registry/default/components/timeline/timeline-10.tsx[2K[1G[90mregistry/default/components/timeline/timeline-10.tsx[39m 0ms (unchanged) (cached)
registry/default/components/timeline/timeline-11.tsx[2K[1G[90mregistry/default/components/timeline/timeline-11.tsx[39m 1ms (unchanged) (cached)
registry/default/components/timeline/timeline-12.tsx[2K[1G[90mregistry/default/components/timeline/timeline-12.tsx[39m 1ms (unchanged) (cached)
registry/default/components/toast/toast-demo.tsx[2K[1G[90mregistry/default/components/toast/toast-demo.tsx[39m 1ms (unchanged) (cached)
registry/default/components/toggle-group/toggle-group-demo.tsx[2K[1G[90mregistry/default/components/toggle-group/toggle-group-demo.tsx[39m 1ms (unchanged) (cached)
registry/default/components/toggle/toggle-demo.tsx[2K[1G[90mregistry/default/components/toggle/toggle-demo.tsx[39m 1ms (unchanged) (cached)
registry/default/components/tooltip/tooltip-01.tsx[2K[1G[90mregistry/default/components/tooltip/tooltip-01.tsx[39m 1ms (unchanged) (cached)
registry/default/components/tooltip/tooltip-02.tsx[2K[1G[90mregistry/default/components/tooltip/tooltip-02.tsx[39m 1ms (unchanged) (cached)
registry/default/components/tooltip/tooltip-03.tsx[2K[1G[90mregistry/default/components/tooltip/tooltip-03.tsx[39m 0ms (unchanged) (cached)
registry/default/components/tooltip/tooltip-04.tsx[2K[1G[90mregistry/default/components/tooltip/tooltip-04.tsx[39m 0ms (unchanged) (cached)
registry/default/components/tooltip/tooltip-05.tsx[2K[1G[90mregistry/default/components/tooltip/tooltip-05.tsx[39m 1ms (unchanged) (cached)
registry/default/components/tooltip/tooltip-06.tsx[2K[1G[90mregistry/default/components/tooltip/tooltip-06.tsx[39m 0ms (unchanged) (cached)
registry/default/components/tooltip/tooltip-07.tsx[2K[1G[90mregistry/default/components/tooltip/tooltip-07.tsx[39m 1ms (unchanged) (cached)
registry/default/components/tooltip/tooltip-08.tsx[2K[1G[90mregistry/default/components/tooltip/tooltip-08.tsx[39m 0ms (unchanged) (cached)
registry/default/components/tooltip/tooltip-09.tsx[2K[1G[90mregistry/default/components/tooltip/tooltip-09.tsx[39m 0ms (unchanged) (cached)
registry/default/components/tooltip/tooltip-10.tsx[2K[1G[90mregistry/default/components/tooltip/tooltip-10.tsx[39m 1ms (unchanged) (cached)
registry/default/components/tooltip/tooltip-11.tsx[2K[1G[90mregistry/default/components/tooltip/tooltip-11.tsx[39m 1ms (unchanged) (cached)
registry/default/components/tooltip/tooltip-12.tsx[2K[1G[90mregistry/default/components/tooltip/tooltip-12.tsx[39m 1ms (unchanged) (cached)
registry/default/components/tree/tree-01.tsx[2K[1G[90mregistry/default/components/tree/tree-01.tsx[39m 1ms (unchanged) (cached)
registry/default/components/tree/tree-02.tsx[2K[1G[90mregistry/default/components/tree/tree-02.tsx[39m 1ms (unchanged) (cached)
registry/default/components/tree/tree-03.tsx[2K[1G[90mregistry/default/components/tree/tree-03.tsx[39m 0ms (unchanged) (cached)
registry/default/components/tree/tree-04.tsx[2K[1G[90mregistry/default/components/tree/tree-04.tsx[39m 0ms (unchanged) (cached)
registry/default/components/tree/tree-05.tsx[2K[1G[90mregistry/default/components/tree/tree-05.tsx[39m 0ms (unchanged) (cached)
registry/default/components/tree/tree-06.tsx[2K[1G[90mregistry/default/components/tree/tree-06.tsx[39m 1ms (unchanged) (cached)
registry/default/components/tree/tree-07.tsx[2K[1G[90mregistry/default/components/tree/tree-07.tsx[39m 0ms (unchanged) (cached)
registry/default/components/tree/tree-08.tsx[2K[1G[90mregistry/default/components/tree/tree-08.tsx[39m 0ms (unchanged) (cached)
registry/default/components/tree/tree-09.tsx[2K[1G[90mregistry/default/components/tree/tree-09.tsx[39m 1ms (unchanged) (cached)
registry/default/components/tree/tree-10.tsx[2K[1G[90mregistry/default/components/tree/tree-10.tsx[39m 0ms (unchanged) (cached)
registry/default/components/tree/tree-11.tsx[2K[1G[90mregistry/default/components/tree/tree-11.tsx[39m 1ms (unchanged) (cached)
registry/default/components/tree/tree-12.tsx[2K[1G[90mregistry/default/components/tree/tree-12.tsx[39m 0ms (unchanged) (cached)
registry/default/composables/use-file-upload.ts[2K[1G[90mregistry/default/composables/use-file-upload.ts[39m 0ms (unchanged) (cached)
registry/default/hooks/use-character-limit.ts[2K[1G[90mregistry/default/hooks/use-character-limit.ts[39m 0ms (unchanged) (cached)
registry/default/hooks/use-file-upload.ts[2K[1G[90mregistry/default/hooks/use-file-upload.ts[39m 1ms (unchanged) (cached)
registry/default/hooks/use-machine.ts[2K[1G[90mregistry/default/hooks/use-machine.ts[39m 0ms (unchanged) (cached)
registry/default/hooks/use-mobile.ts[2K[1G[90mregistry/default/hooks/use-mobile.ts[39m 1ms (unchanged) (cached)
registry/default/hooks/use-pagination.ts[2K[1G[90mregistry/default/hooks/use-pagination.ts[39m 0ms (unchanged) (cached)
registry/default/hooks/use-slider-with-input.ts[2K[1G[90mregistry/default/hooks/use-slider-with-input.ts[39m 1ms (unchanged) (cached)
registry/default/hooks/use-toast.ts[2K[1G[90mregistry/default/hooks/use-toast.ts[39m 0ms (unchanged) (cached)
registry/default/index.ts[2K[1G[90mregistry/default/index.ts[39m 0ms (unchanged) (cached)
registry/default/lib/utils.ts[2K[1G[90mregistry/default/lib/utils.ts[39m 1ms (unchanged) (cached)
registry/default/ui/accordion.tsx[2K[1G[90mregistry/default/ui/accordion.tsx[39m 0ms (unchanged) (cached)
registry/default/ui/alert-dialog.tsx[2K[1G[90mregistry/default/ui/alert-dialog.tsx[39m 0ms (unchanged) (cached)
registry/default/ui/alert.tsx[2K[1G[90mregistry/default/ui/alert.tsx[39m 1ms (unchanged) (cached)
registry/default/ui/avatar.tsx[2K[1G[90mregistry/default/ui/avatar.tsx[39m 0ms (unchanged) (cached)
registry/default/ui/badge.tsx[2K[1G[90mregistry/default/ui/badge.tsx[39m 0ms (unchanged) (cached)
registry/default/ui/banner.tsx[2K[1G[90mregistry/default/ui/banner.tsx[39m 0ms (unchanged) (cached)
registry/default/ui/breadcrumb.tsx[2K[1G[90mregistry/default/ui/breadcrumb.tsx[39m 0ms (unchanged) (cached)
registry/default/ui/button-variants.ts[2K[1G[90mregistry/default/ui/button-variants.ts[39m 1ms (unchanged) (cached)
registry/default/ui/button.tsx[2K[1G[90mregistry/default/ui/button.tsx[39m 1ms (unchanged) (cached)
registry/default/ui/calendar-rac.tsx[2K[1G[90mregistry/default/ui/calendar-rac.tsx[39m 0ms (unchanged) (cached)
registry/default/ui/calendar.tsx[2K[1Gregistry/default/ui/calendar.tsx 76ms
registry/default/ui/card.tsx[2K[1G[90mregistry/default/ui/card.tsx[39m 1ms (unchanged) (cached)
registry/default/ui/checkbox-tree.tsx[2K[1G[90mregistry/default/ui/checkbox-tree.tsx[39m 0ms (unchanged) (cached)
registry/default/ui/checkbox.tsx[2K[1G[90mregistry/default/ui/checkbox.tsx[39m 1ms (unchanged) (cached)
registry/default/ui/collapsible.tsx[2K[1G[90mregistry/default/ui/collapsible.tsx[39m 1ms (unchanged) (cached)
registry/default/ui/command.tsx[2K[1G[90mregistry/default/ui/command.tsx[39m 0ms (unchanged) (cached)
registry/default/ui/cropper.tsx[2K[1G[90mregistry/default/ui/cropper.tsx[39m 1ms (unchanged) (cached)
registry/default/ui/date-picker.tsx[2K[1G[90mregistry/default/ui/date-picker.tsx[39m 13ms (unchanged)
registry/default/ui/datefield-rac.tsx[2K[1G[90mregistry/default/ui/datefield-rac.tsx[39m 1ms (unchanged) (cached)
registry/default/ui/dialog.tsx[2K[1G[90mregistry/default/ui/dialog.tsx[39m 1ms (unchanged) (cached)
registry/default/ui/dropdown-menu.tsx[2K[1G[90mregistry/default/ui/dropdown-menu.tsx[39m 1ms (unchanged) (cached)
registry/default/ui/hover-card.tsx[2K[1G[90mregistry/default/ui/hover-card.tsx[39m 1ms (unchanged) (cached)
registry/default/ui/input.tsx[2K[1G[90mregistry/default/ui/input.tsx[39m 1ms (unchanged) (cached)
registry/default/ui/label.tsx[2K[1G[90mregistry/default/ui/label.tsx[39m 1ms (unchanged) (cached)
registry/default/ui/multiselect.tsx[2K[1G[90mregistry/default/ui/multiselect.tsx[39m 0ms (unchanged) (cached)
registry/default/ui/navbar.tsx[2K[1G[90mregistry/default/ui/navbar.tsx[39m 2ms (unchanged) (cached)
registry/default/ui/navigation-menu.tsx[2K[1G[90mregistry/default/ui/navigation-menu.tsx[39m 1ms (unchanged) (cached)
registry/default/ui/notification.tsx[2K[1G[90mregistry/default/ui/notification.tsx[39m 1ms (unchanged) (cached)
registry/default/ui/pagination.tsx[2K[1G[90mregistry/default/ui/pagination.tsx[39m 1ms (unchanged) (cached)
registry/default/ui/popover.tsx[2K[1G[90mregistry/default/ui/popover.tsx[39m 1ms (unchanged) (cached)
registry/default/ui/progress.tsx[2K[1G[90mregistry/default/ui/progress.tsx[39m 0ms (unchanged) (cached)
registry/default/ui/radio-group.tsx[2K[1G[90mregistry/default/ui/radio-group.tsx[39m 1ms (unchanged) (cached)
registry/default/ui/resizable.tsx[2K[1G[90mregistry/default/ui/resizable.tsx[39m 0ms (unchanged) (cached)
registry/default/ui/scroll-area.tsx[2K[1G[90mregistry/default/ui/scroll-area.tsx[39m 1ms (unchanged) (cached)
registry/default/ui/select-native.tsx[2K[1G[90mregistry/default/ui/select-native.tsx[39m 0ms (unchanged) (cached)
registry/default/ui/select.tsx[2K[1G[90mregistry/default/ui/select.tsx[39m 1ms (unchanged) (cached)
registry/default/ui/separator.tsx[2K[1G[90mregistry/default/ui/separator.tsx[39m 1ms (unchanged) (cached)
registry/default/ui/sheet.tsx[2K[1G[90mregistry/default/ui/sheet.tsx[39m 0ms (unchanged) (cached)
registry/default/ui/slider.tsx[2K[1G[90mregistry/default/ui/slider.tsx[39m 1ms (unchanged) (cached)
registry/default/ui/slot.tsx[2K[1G[90mregistry/default/ui/slot.tsx[39m 1ms (unchanged) (cached)
registry/default/ui/sonner.tsx[2K[1G[90mregistry/default/ui/sonner.tsx[39m 1ms (unchanged) (cached)
registry/default/ui/stepper.tsx[2K[1G[90mregistry/default/ui/stepper.tsx[39m 0ms (unchanged) (cached)
registry/default/ui/switch.tsx[2K[1G[90mregistry/default/ui/switch.tsx[39m 1ms (unchanged) (cached)
registry/default/ui/table.tsx[2K[1G[90mregistry/default/ui/table.tsx[39m 1ms (unchanged) (cached)
registry/default/ui/tabs.tsx[2K[1G[90mregistry/default/ui/tabs.tsx[39m 1ms (unchanged) (cached)
registry/default/ui/tags-input.tsx[2K[1G[90mregistry/default/ui/tags-input.tsx[39m 1ms (unchanged) (cached)
registry/default/ui/textarea.tsx[2K[1G[90mregistry/default/ui/textarea.tsx[39m 0ms (unchanged) (cached)
registry/default/ui/timeline.tsx[2K[1G[90mregistry/default/ui/timeline.tsx[39m 3ms (unchanged) (cached)
registry/default/ui/toast.tsx[2K[1G[90mregistry/default/ui/toast.tsx[39m 1ms (unchanged) (cached)
registry/default/ui/toaster.tsx[2K[1G[90mregistry/default/ui/toaster.tsx[39m 1ms (unchanged) (cached)
registry/default/ui/toggle-group.tsx[2K[1G[90mregistry/default/ui/toggle-group.tsx[39m 1ms (unchanged) (cached)
registry/default/ui/toggle.tsx[2K[1G[90mregistry/default/ui/toggle.tsx[39m 0ms (unchanged) (cached)
registry/default/ui/tooltip.tsx[2K[1G[90mregistry/default/ui/tooltip.tsx[39m 1ms (unchanged) (cached)
registry/default/ui/tree.tsx[2K[1G[90mregistry/default/ui/tree.tsx[39m 1ms (unchanged) (cached)
registry/default/utils.ts[2K[1G[90mregistry/default/utils.ts[39m 1ms (unchanged) (cached)
registry/default/vue/primitive.ts[2K[1G[90mregistry/default/vue/primitive.ts[39m 1ms (unchanged) (cached)
registry/default/vue/use-toast.ts[2K[1G[90mregistry/default/vue/use-toast.ts[39m 1ms (unchanged) (cached)
registry/default/weapp/avatar.ts[2K[1G[90mregistry/default/weapp/avatar.ts[39m 1ms (unchanged) (cached)
registry/default/weapp/badge.ts[2K[1G[90mregistry/default/weapp/badge.ts[39m 1ms (unchanged) (cached)
registry/default/weapp/banner.ts[2K[1G[90mregistry/default/weapp/banner.ts[39m 1ms (unchanged) (cached)
registry/default/weapp/button.ts[2K[1G[90mregistry/default/weapp/button.ts[39m 1ms (unchanged) (cached)
registry/default/weapp/calendar.ts[2K[1G[90mregistry/default/weapp/calendar.ts[39m 0ms (unchanged) (cached)
registry/default/weapp/card.ts[2K[1G[90mregistry/default/weapp/card.ts[39m 0ms (unchanged) (cached)
registry/default/weapp/checkbox.ts[2K[1G[90mregistry/default/weapp/checkbox.ts[39m 3ms (unchanged) (cached)
registry/default/weapp/comp-315.ts[2K[1G[90mregistry/default/weapp/comp-315.ts[39m 1ms (unchanged) (cached)
registry/default/weapp/date-picker.ts[2K[1G[90mregistry/default/weapp/date-picker.ts[39m 1ms (unchanged) (cached)
registry/default/weapp/dialog.ts[2K[1G[90mregistry/default/weapp/dialog.ts[39m 1ms (unchanged) (cached)
registry/default/weapp/dropdown-menu-checkbox-item/dropdown-menu-checkbox-item.ts[2K[1G[90mregistry/default/weapp/dropdown-menu-checkbox-item/dropdown-menu-checkbox-item.ts[39m 1ms (unchanged) (cached)
registry/default/weapp/dropdown-menu-content/dropdown-menu-content.ts[2K[1G[90mregistry/default/weapp/dropdown-menu-content/dropdown-menu-content.ts[39m 1ms (unchanged) (cached)
registry/default/weapp/dropdown-menu-group/dropdown-menu-group.ts[2K[1G[90mregistry/default/weapp/dropdown-menu-group/dropdown-menu-group.ts[39m 1ms (unchanged) (cached)
registry/default/weapp/dropdown-menu-item/dropdown-menu-item.ts[2K[1G[90mregistry/default/weapp/dropdown-menu-item/dropdown-menu-item.ts[39m 1ms (unchanged) (cached)
registry/default/weapp/dropdown-menu-label/dropdown-menu-label.ts[2K[1G[90mregistry/default/weapp/dropdown-menu-label/dropdown-menu-label.ts[39m 1ms (unchanged) (cached)
registry/default/weapp/dropdown-menu-radio-item/dropdown-menu-radio-item.ts[2K[1G[90mregistry/default/weapp/dropdown-menu-radio-item/dropdown-menu-radio-item.ts[39m 2ms (unchanged) (cached)
registry/default/weapp/dropdown-menu-separator/dropdown-menu-separator.ts[2K[1G[90mregistry/default/weapp/dropdown-menu-separator/dropdown-menu-separator.ts[39m 2ms (unchanged) (cached)
registry/default/weapp/dropdown-menu-shortcut/dropdown-menu-shortcut.ts[2K[1G[90mregistry/default/weapp/dropdown-menu-shortcut/dropdown-menu-shortcut.ts[39m 1ms (unchanged) (cached)
registry/default/weapp/dropdown-menu-sub-content/dropdown-menu-sub-content.ts[2K[1G[90mregistry/default/weapp/dropdown-menu-sub-content/dropdown-menu-sub-content.ts[39m 2ms (unchanged) (cached)
registry/default/weapp/dropdown-menu-sub-trigger/dropdown-menu-sub-trigger.ts[2K[1G[90mregistry/default/weapp/dropdown-menu-sub-trigger/dropdown-menu-sub-trigger.ts[39m 1ms (unchanged) (cached)
registry/default/weapp/dropdown-menu-sub/dropdown-menu-sub.ts[2K[1G[90mregistry/default/weapp/dropdown-menu-sub/dropdown-menu-sub.ts[39m 3ms (unchanged) (cached)
registry/default/weapp/dropdown-menu-trigger/dropdown-menu-trigger.ts[2K[1G[90mregistry/default/weapp/dropdown-menu-trigger/dropdown-menu-trigger.ts[39m 3ms (unchanged) (cached)
registry/default/weapp/dropdown-menu/dropdown-menu.ts[2K[1G[90mregistry/default/weapp/dropdown-menu/dropdown-menu.ts[39m 1ms (unchanged) (cached)
registry/default/weapp/input.ts[2K[1G[90mregistry/default/weapp/input.ts[39m 1ms (unchanged) (cached)
registry/default/weapp/label.ts[2K[1G[90mregistry/default/weapp/label.ts[39m 0ms (unchanged) (cached)
registry/default/weapp/radio-group.ts[2K[1G[90mregistry/default/weapp/radio-group.ts[39m 1ms (unchanged) (cached)
registry/default/weapp/sheet.ts[2K[1G[90mregistry/default/weapp/sheet.ts[39m 1ms (unchanged) (cached)
registry/default/weapp/slider.ts[2K[1G[90mregistry/default/weapp/slider.ts[39m 2ms (unchanged) (cached)
registry/default/weapp/switch.ts[2K[1G[90mregistry/default/weapp/switch.ts[39m 1ms (unchanged) (cached)
registry/default/weapp/textarea.ts[2K[1G[90mregistry/default/weapp/textarea.ts[39m 2ms (unchanged) (cached)
registry/default/weapp/utils.ts[2K[1G[90mregistry/default/weapp/utils.ts[39m 0ms (unchanged) (cached)
registry/default/weapp/weapp.d.ts[2K[1G[90mregistry/default/weapp/weapp.d.ts[39m 0ms (unchanged) (cached)
registry/registry-manifest.ts[2K[1Gregistry/registry-manifest.ts 139ms
registry/registry-tags.ts[2K[1G[90mregistry/registry-tags.ts[39m 1ms (unchanged) (cached)
scripts/generate-platforms.ts[2K[1G[90mscripts/generate-platforms.ts[39m 1ms (unchanged) (cached)
types/types.ts[2K[1G[90mtypes/types.ts[39m 1ms (unchanged) (cached)
utils/merge-tw.ts[2K[1G[90mutils/merge-tw.ts[39m 1ms (unchanged) (cached)
utils/supported-frameworks-json.ts[2K[1G[90mutils/supported-frameworks-json.ts[39m 0ms (unchanged) (cached)
vue-shims.d.ts[2K[1G[90mvue-shims.d.ts[39m 1ms (unchanged) (cached)

> @timui/docs@0.0.1 verify:data /Users/jiawei01.mao/sine/timkit-ui/apps/docs
> node --import tsx ../../scripts/check-registry-data.ts

✅ registry data check passed using 652 items 
   [1m[38;2;173;127;168m▲ Next.js 15.5.12[39m[22m

 [37m[1m [22m[39m Creating an optimized production build ...
 [32m[1m✓[22m[39m Compiled successfully in 37.6s
 [37m[1m [22m[39m Skipping linting
[?25l [37m[1m [22m[39m Checking validity of types  [36m.[39m[2K[1G [37m[1m [22m[39m Checking validity of types  [36m..[39m[2K[1G [37m[1m [22m[39m Checking validity of types  [36m...[39m[2K[1G [37m[1m [22m[39m Checking validity of types  [36m.[39m[2K[1G [37m[1m [22m[39m Checking validity of types  [36m..[39m[2K[1G [37m[1m [22m[39m Checking validity of types  [36m...[39m[2K[1G [37m[1m [22m[39m Checking validity of types  [36m.[39m[2K[1G [37m[1m [22m[39m Checking validity of types  [36m..[39m[2K[1G [37m[1m [22m[39m Checking validity of types  [36m...[39m[2K[1G [37m[1m [22m[39m Checking validity of types  [36m.[39m[2K[1G [37m[1m [22m[39m Checking validity of types  [36m..[39m[2K[1G [37m[1m [22m[39m Checking validity of types  [36m...[39m[2K[1G [37m[1m [22m[39m Checking validity of types  [36m.[39m[2K[1G [37m[1m [22m[39m Checking validity of types  [36m..[39m[2K[1G [37m[1m [22m[39m Checking validity of types  [36m...[39m[2K[1G [37m[1m [22m[39m Checking validity of types  [36m.[39m[2K[1G [37m[1m [22m[39m Checking validity of types  [36m..[39m[2K[1G [37m[1m [22m[39m Checking validity of types  [36m...[39m[2K[1G [37m[1m [22m[39m Checking validity of types  [36m.[39m[2K[1G [37m[1m [22m[39m Checking validity of types  [36m..[39m[2K[1G [37m[1m [22m[39m Checking validity of types  [36m...[39m[2K[1G [37m[1m [22m[39m Checking validity of types  [36m.[39m[2K[1G [37m[1m [22m[39m Checking validity of types  [36m..[39m[2K[1G [37m[1m [22m[39m Checking validity of types  [36m...[39m[2K[1G [37m[1m [22m[39m Checking validity of types  [36m.[39m[2K[1G [37m[1m [22m[39m Checking validity of types  [36m..[39m[2K[1G [37m[1m [22m[39m Checking validity of types  [36m...[39m[2K[1G [37m[1m [22m[39m Checking validity of types  [36m.[39m[2K[1G [37m[1m [22m[39m Checking validity of types  [36m..[39m[2K[1G [37m[1m [22m[39m Checking validity of types  [36m...[39m[2K[1G [37m[1m [22m[39m Checking validity of types  [36m.[39m[2K[1G [37m[1m [22m[39m Checking validity of types  [36m..[39m[2K[1G [37m[1m [22m[39m Checking validity of types  [36m...[39m[2K[1G [37m[1m [22m[39m Checking validity of types  [36m.[39m[2K[1G [37m[1m [22m[39m Checking validity of types  [36m..[39m[2K[1G [37m[1m [22m[39m Checking validity of types  [36m...[39m[2K[1G [37m[1m [22m[39m Checking validity of types  [36m.[39m[2K[1G [37m[1m [22m[39m Checking validity of types  [36m..[39m[2K[1G [37m[1m [22m[39m Checking validity of types  [36m...[39m[2K[1G [37m[1m [22m[39m Checking validity of types  [36m.[39m[2K[1G [37m[1m [22m[39m Checking validity of types  [36m..[39m[2K[1G [37m[1m [22m[39m Checking validity of types  [36m...[39m[2K[1G [37m[1m [22m[39m Checking validity of types  [36m.[39m[2K[1G [37m[1m [22m[39m Checking validity of types  [36m..[39m[2K[1G [37m[1m [22m[39m Checking validity of types  [36m...[39m[2K[1G [37m[1m [22m[39m Checking validity of types  [36m.[39m[2K[1G [37m[1m [22m[39m Checking validity of types  [36m..[39m[2K[1G [37m[1m [22m[39m Checking validity of types  [36m...[39m[2K[1G [37m[1m [22m[39m Checking validity of types  [36m.[39m[2K[1G [37m[1m [22m[39m Checking validity of types  [36m..[39m[2K[1G [37m[1m [22m[39m Checking validity of types  [36m...[39m[2K[1G [37m[1m [22m[39m Checking validity of types  [36m.[39m[2K[1G [37m[1m [22m[39m Checking validity of types  [36m..[39m[2K[1G [37m[1m [22m[39m Checking validity of types  [36m...[39m[2K[1G [37m[1m [22m[39m Checking validity of types  [36m.[39m[2K[1G [37m[1m [22m[39m Checking validity of types  [36m..[39m[2K[1G [37m[1m [22m[39m Checking validity of types  [36m...[39m[2K[1G[?25h [37m[1m [22m[39m Checking validity of types     [32m[1m✓[22m[39m Checking validity of types 
[?25l [37m[1m [22m[39m Collecting page data  [36m.[39m[2K[1G [37m[1m [22m[39m Collecting page data  [36m..[39m[2K[1G [37m[1m [22m[39m Collecting page data  [36m...[39m[2K[1G [37m[1m [22m[39m Collecting page data  [36m.[39m[2K[1G[?25h [37m[1m [22m[39m Collecting page data     [32m[1m✓[22m[39m Collecting page data 
[?25l [37m[1m [22m[39m Generating static pages (0/47)  [36m[    ][39m[2K[1G [37m[1m [22m[39m Generating static pages (0/47)  [36m[=   ][39m[2K[1G [37m[1m [22m[39m Generating static pages (0/47)  [36m[==  ][39m[2K[1G [37m[1m [22m[39m Generating static pages (8/47)  [36m[=== ][39m[2K[1G [37m[1m [22m[39m Generating static pages (16/47)  [36m[ ===][39m[2K[1G [37m[1m [22m[39m Generating static pages (39/47)  [36m[  ==][39m[2K[1G[?25h [32m[1m✓[22m[39m Generating static pages (47/47)
[?25l [37m[1m [22m[39m Finalizing page optimization  [36m.[39m[?25l [37m[1m [22m[39m Collecting build traces  [36m.[39m[2K[1G [37m[1m [22m[39m Finalizing page optimization  [36m..[39m[2K[1G [37m[1m [22m[39m Collecting build traces  [36m..[39m[2K[1G [37m[1m [22m[39m Finalizing page optimization  [36m...[39m[2K[1G [37m[1m [22m[39m Collecting build traces  [36m...[39m[2K[1G [37m[1m [22m[39m Finalizing page optimization  [36m.[39m[2K[1G [37m[1m [22m[39m Collecting build traces  [36m.[39m[2K[1G [37m[1m [22m[39m Finalizing page optimization  [36m..[39m[2K[1G [37m[1m [22m[39m Collecting build traces  [36m..[39m[2K[1G [37m[1m [22m[39m Finalizing page optimization  [36m...[39m[2K[1G [37m[1m [22m[39m Collecting build traces  [36m...[39m[2K[1G [37m[1m [22m[39m Finalizing page optimization  [36m.[39m[2K[1G [37m[1m [22m[39m Collecting build traces  [36m.[39m[2K[1G [37m[1m [22m[39m Finalizing page optimization  [36m..[39m[2K[1G [37m[1m [22m[39m Collecting build traces  [36m..[39m[2K[1G [37m[1m [22m[39m Finalizing page optimization  [36m...[39m[2K[1G [37m[1m [22m[39m Collecting build traces  [36m...[39m[2K[1G [37m[1m [22m[39m Finalizing page optimization  [36m.[39m[2K[1G [37m[1m [22m[39m Collecting build traces  [36m.[39m[2K[1G [37m[1m [22m[39m Finalizing page optimization  [36m..[39m[2K[1G [37m[1m [22m[39m Collecting build traces  [36m..[39m[2K[1G [37m[1m [22m[39m Finalizing page optimization  [36m...[39m[2K[1G [37m[1m [22m[39m Collecting build traces  [36m...[39m[2K[1G [37m[1m [22m[39m Finalizing page optimization  [36m.[39m[2K[1G [37m[1m [22m[39m Collecting build traces  [36m.[39m[2K[1G [37m[1m [22m[39m Finalizing page optimization  [36m..[39m[2K[1G [37m[1m [22m[39m Collecting build traces  [36m..[39m[2K[1G [37m[1m [22m[39m Finalizing page optimization  [36m...[39m[2K[1G [37m[1m [22m[39m Collecting build traces  [36m...[39m[2K[1G [37m[1m [22m[39m Finalizing page optimization  [36m.[39m[2K[1G [37m[1m [22m[39m Collecting build traces  [36m.[39m[2K[1G [37m[1m [22m[39m Finalizing page optimization  [36m..[39m[2K[1G [37m[1m [22m[39m Collecting build traces  [36m..[39m[2K[1G[?25h [37m[1m [22m[39m Collecting build traces     [32m[1m✓[22m[39m Collecting build traces 
[2K[1G[?25h [37m[1m [22m[39m Finalizing page optimization     [32m[1m✓[22m[39m Finalizing page optimization 

[4mRoute (app)[24m                                 [4mSize[24m  [4mFirst Load JS[24m  [4m[24m  [4m[24m
┌ ○ /                                     6.2 kB         [37m[1m437 kB[22m[39m
├ ○ /_not-found                          1.01 kB         [37m[1m118 kB[22m[39m
├ ● /[category]                          60.9 kB        [37m[1m1.05 MB[22m[39m
├   ├ /accordion
├   ├ /alert
├   ├ /avatar
├   └ [+28 more paths]
├ ○ /components                            168 B         [37m[1m120 kB[22m[39m
├ ● /components/[slug]                   3.55 kB         [37m[1m128 kB[22m[39m
├ ○ /debug                                 356 B         [37m[1m117 kB[22m[39m
├ ○ /easings                              7.9 kB         [37m[1m367 kB[22m[39m
├ ○ /icon.svg                                0 B            [37m[1m0 B[22m[39m
├ ○ /layouts                                3 kB         [37m[1m371 kB[22m[39m
├ ○ /opengraph-image.jpg                     0 B            [37m[1m0 B[22m[39m
├ ○ /preview/react                       1.68 kB         [37m[1m127 kB[22m[39m
├ ○ /robots.txt                              0 B            [37m[1m0 B[22m[39m
├ ○ /search                              24.6 kB        [37m[1m1.02 MB[22m[39m
├ ○ /sitemap.xml                           132 B         [37m[1m117 kB[22m[39m
├ ○ /test-button                           446 B         [37m[1m360 kB[22m[39m
└ ○ /twitter-image.jpg                       0 B            [37m[1m0 B[22m[39m
+ First Load JS shared by all             [37m[1m117 kB[22m[39m
  ├ chunks/33690-f6cb6a5b21fa5ef0.js     46.2 kB
  ├ chunks/4d67e943-6b3c88a9e713d9c9.js  54.2 kB
  ├ chunks/webpack-8131a0a5872bb4c5.js     16 kB
  └ other shared chunks (total)            239 B


○  (Static)  prerendered as static content
●  (SSG)     prerendered as static HTML (uses [36mgenerateStaticParams[39m)

[?25h
